character,char_popular,costume,issue,rank,depicted
Gambit = Name Unknown,Gambit,Costume,97,4,0
Gambit = Name Unknown,Gambit,Costume,98,4,0
Gambit = Name Unknown,Gambit,Costume,99,4,0
Gambit = Name Unknown,Gambit,Costume,100,4,0
Gambit = Name Unknown,Gambit,Costume,101,4,0
Gambit = Name Unknown,Gambit,Costume,102,4,0
Gambit = Name Unknown,Gambit,Costume,103,4,0
Gambit = Name Unknown,Gambit,Costume,104,4,0
Gambit = Name Unknown,Gambit,Costume,105,4,0
Gambit = Name Unknown,Gambit,Costume,106,4,0
Gambit = Name Unknown,Gambit,Costume,107,4,0
Gambit = Name Unknown,Gambit,Costume,108,4,0
Gambit = Name Unknown,Gambit,Costume,109,4,0
Gambit = Name Unknown,Gambit,Costume,110,4,0
Gambit = Name Unknown,Gambit,Costume,111,4,0
Gambit = Name Unknown,Gambit,Costume,112,4,0
Gambit = Name Unknown,Gambit,Costume,113,4,0
Gambit = Name Unknown,Gambit,Costume,114,4,0
Gambit = Name Unknown,Gambit,Costume,115,4,0
Gambit = Name Unknown,Gambit,Costume,116,4,0
Gambit = Name Unknown,Gambit,Costume,117,4,0
Gambit = Name Unknown,Gambit,Costume,118,4,0
Gambit = Name Unknown,Gambit,Costume,119,4,0
Gambit = Name Unknown,Gambit,Costume,120,4,0
Gambit = Name Unknown,Gambit,Costume,121,4,0
Gambit = Name Unknown,Gambit,Costume,122,4,0
Gambit = Name Unknown,Gambit,Costume,123,4,0
Gambit = Name Unknown,Gambit,Costume,124,4,0
Gambit = Name Unknown,Gambit,Costume,125,4,0
Gambit = Name Unknown,Gambit,Costume,126,4,0
Gambit = Name Unknown,Gambit,Costume,127,4,0
Gambit = Name Unknown,Gambit,Costume,128,4,0
Gambit = Name Unknown,Gambit,Costume,129,4,0
Gambit = Name Unknown,Gambit,Costume,130,4,0
Gambit = Name Unknown,Gambit,Costume,131,4,0
Gambit = Name Unknown,Gambit,Costume,132,4,0
Gambit = Name Unknown,Gambit,Costume,133,4,0
Gambit = Name Unknown,Gambit,Costume,134,4,0
Gambit = Name Unknown,Gambit,Costume,135,4,0
Gambit = Name Unknown,Gambit,Costume,136,4,0
Gambit = Name Unknown,Gambit,Costume,137,4,0
Gambit = Name Unknown,Gambit,Costume,138,4,0
Gambit = Name Unknown,Gambit,Costume,139,4,0
Gambit = Name Unknown,Gambit,Costume,140,4,0
Gambit = Name Unknown,Gambit,Costume,141,4,0
Gambit = Name Unknown,Gambit,Costume,142,4,0
Gambit = Name Unknown,Gambit,Costume,143,4,0
Gambit = Name Unknown,Gambit,Costume,144,4,0
Gambit = Name Unknown,Gambit,Costume,145,4,0
Gambit = Name Unknown,Gambit,Costume,146,4,0
Gambit = Name Unknown,Gambit,Costume,147,4,0
Gambit = Name Unknown,Gambit,Costume,148,4,0
Gambit = Name Unknown,Gambit,Costume,149,4,0
Gambit = Name Unknown,Gambit,Costume,150,4,0
Gambit = Name Unknown,Gambit,Costume,151,4,0
Gambit = Name Unknown,Gambit,Costume,152,4,0
Gambit = Name Unknown,Gambit,Costume,153,4,0
Gambit = Name Unknown,Gambit,Costume,154,4,0
Gambit = Name Unknown,Gambit,Costume,155,4,0
Gambit = Name Unknown,Gambit,Costume,156,4,0
Gambit = Name Unknown,Gambit,Costume,157,4,0
Gambit = Name Unknown,Gambit,Costume,158,4,0
Gambit = Name Unknown,Gambit,Costume,159,4,0
Gambit = Name Unknown,Gambit,Costume,160,4,0
Gambit = Name Unknown,Gambit,Costume,161,4,0
Gambit = Name Unknown,Gambit,Costume,162,4,0
Gambit = Name Unknown,Gambit,Costume,163,4,0
Gambit = Name Unknown,Gambit,Costume,164,4,0
Gambit = Name Unknown,Gambit,Costume,165,4,0
Gambit = Name Unknown,Gambit,Costume,166,4,0
Gambit = Name Unknown,Gambit,Costume,167,4,0
Gambit = Name Unknown,Gambit,Costume,168,4,0
Gambit = Name Unknown,Gambit,Costume,169,4,0
Gambit = Name Unknown,Gambit,Costume,170,4,0
Gambit = Name Unknown,Gambit,Costume,171,4,0
Gambit = Name Unknown,Gambit,Costume,172,4,0
Gambit = Name Unknown,Gambit,Costume,173,4,0
Gambit = Name Unknown,Gambit,Costume,174,4,0
Gambit = Name Unknown,Gambit,Costume,175,4,0
Gambit = Name Unknown,Gambit,Costume,176,4,0
Gambit = Name Unknown,Gambit,Costume,177,4,0
Gambit = Name Unknown,Gambit,Costume,178,4,0
Gambit = Name Unknown,Gambit,Costume,179,4,0
Gambit = Name Unknown,Gambit,Costume,180,4,0
Gambit = Name Unknown,Gambit,Costume,181,4,0
Gambit = Name Unknown,Gambit,Costume,182,4,0
Gambit = Name Unknown,Gambit,Costume,183,4,0
Gambit = Name Unknown,Gambit,Costume,184,4,0
Gambit = Name Unknown,Gambit,Costume,185,4,0
Gambit = Name Unknown,Gambit,Costume,186,4,0
Gambit = Name Unknown,Gambit,Costume,187,4,0
Gambit = Name Unknown,Gambit,Costume,188,4,0
Gambit = Name Unknown,Gambit,Costume,189,4,0
Gambit = Name Unknown,Gambit,Costume,190,4,0
Gambit = Name Unknown,Gambit,Costume,191,4,0
Gambit = Name Unknown,Gambit,Costume,192,4,0
Gambit = Name Unknown,Gambit,Costume,193,4,0
Gambit = Name Unknown,Gambit,Costume,194,4,0
Gambit = Name Unknown,Gambit,Costume,195,4,0
Gambit = Name Unknown,Gambit,Costume,196,4,0
Gambit = Name Unknown,Gambit,Costume,197,4,0
Gambit = Name Unknown,Gambit,Costume,198,4,0
Gambit = Name Unknown,Gambit,Costume,199,4,0
Gambit = Name Unknown,Gambit,Costume,200,4,0
Gambit = Name Unknown,Gambit,Costume,201,4,0
Gambit = Name Unknown,Gambit,Costume,202,4,0
Gambit = Name Unknown,Gambit,Costume,203,4,0
Gambit = Name Unknown,Gambit,Costume,204,4,0
Gambit = Name Unknown,Gambit,Costume,205,4,0
Gambit = Name Unknown,Gambit,Costume,206,4,0
Gambit = Name Unknown,Gambit,Costume,207,4,0
Gambit = Name Unknown,Gambit,Costume,208,4,0
Gambit = Name Unknown,Gambit,Costume,209,4,0
Gambit = Name Unknown,Gambit,Costume,210,4,0
Gambit = Name Unknown,Gambit,Costume,211,4,0
Gambit = Name Unknown,Gambit,Costume,212,4,0
Gambit = Name Unknown,Gambit,Costume,213,4,0
Gambit = Name Unknown,Gambit,Costume,214,4,0
Gambit = Name Unknown,Gambit,Costume,215,4,0
Gambit = Name Unknown,Gambit,Costume,216,4,0
Gambit = Name Unknown,Gambit,Costume,217,4,0
Gambit = Name Unknown,Gambit,Costume,218,4,0
Gambit = Name Unknown,Gambit,Costume,219,4,0
Gambit = Name Unknown,Gambit,Costume,220,4,0
Gambit = Name Unknown,Gambit,Costume,221,4,0
Gambit = Name Unknown,Gambit,Costume,222,4,0
Gambit = Name Unknown,Gambit,Costume,223,4,0
Gambit = Name Unknown,Gambit,Costume,224,4,0
Gambit = Name Unknown,Gambit,Costume,225,4,0
Gambit = Name Unknown,Gambit,Costume,226,4,0
Gambit = Name Unknown,Gambit,Costume,227,4,0
Gambit = Name Unknown,Gambit,Costume,228,4,0
Gambit = Name Unknown,Gambit,Costume,229,4,0
Gambit = Name Unknown,Gambit,Costume,230,4,0
Gambit = Name Unknown,Gambit,Costume,231,4,0
Gambit = Name Unknown,Gambit,Costume,232,4,0
Gambit = Name Unknown,Gambit,Costume,233,4,0
Gambit = Name Unknown,Gambit,Costume,234,4,0
Gambit = Name Unknown,Gambit,Costume,235,4,0
Gambit = Name Unknown,Gambit,Costume,236,4,0
Gambit = Name Unknown,Gambit,Costume,237,4,0
Gambit = Name Unknown,Gambit,Costume,238,4,0
Gambit = Name Unknown,Gambit,Costume,239,4,0
Gambit = Name Unknown,Gambit,Costume,240,4,0
Gambit = Name Unknown,Gambit,Costume,241,4,0
Gambit = Name Unknown,Gambit,Costume,242,4,0
Gambit = Name Unknown,Gambit,Costume,243,4,0
Gambit = Name Unknown,Gambit,Costume,244,4,0
Gambit = Name Unknown,Gambit,Costume,245,4,0
Gambit = Name Unknown,Gambit,Costume,246,4,0
Gambit = Name Unknown,Gambit,Costume,247,4,0
Gambit = Name Unknown,Gambit,Costume,248,4,0
Gambit = Name Unknown,Gambit,Costume,249,4,0
Gambit = Name Unknown,Gambit,Costume,250,4,0
Gambit = Name Unknown,Gambit,Costume,251,4,0
Gambit = Name Unknown,Gambit,Costume,252,4,0
Gambit = Name Unknown,Gambit,Costume,253,4,0
Gambit = Name Unknown,Gambit,Costume,254,4,0
Gambit = Name Unknown,Gambit,Costume,255,4,0
Gambit = Name Unknown,Gambit,Costume,256,4,0
Gambit = Name Unknown,Gambit,Costume,257,4,0
Gambit = Name Unknown,Gambit,Costume,258,4,0
Gambit = Name Unknown,Gambit,Costume,259,4,0
Gambit = Name Unknown,Gambit,Costume,260,4,0
Gambit = Name Unknown,Gambit,Costume,261,4,0
Gambit = Name Unknown,Gambit,Costume,262,4,0
Gambit = Name Unknown,Gambit,Costume,263,4,0
Gambit = Name Unknown,Gambit,Costume,264,4,0
Gambit = Name Unknown,Gambit,Costume,265,4,0
Gambit = Name Unknown,Gambit,Costume,266,4,52
Gambit = Name Unknown,Gambit,Costume,267,4,55
Gambit = Name Unknown,Gambit,Costume,268,4,0
Gambit = Name Unknown,Gambit,Costume,269,4,0
Gambit = Name Unknown,Gambit,Costume,270,4,3
Gambit = Name Unknown,Gambit,Costume,271,4,0
Gambit = Name Unknown,Gambit,Costume,272,4,21
Gambit = Name Unknown,Gambit,Costume,273,4,0
Gambit = Name Unknown,Gambit,Costume,274,4,3
Gambit = Name Unknown,Gambit,Costume,275,4,11
Gambit = Name Unknown,Gambit,Costume,276,4,17
Gambit = Name Unknown,Gambit,Costume,277,4,22
Gambit = Name Unknown,Gambit,Costume,278,4,10
Gambit = Name Unknown,Gambit,Costume,279,4,12
Gambit = Name Unknown,Gambit,Costume,280,4,6
Gambit = Name Unknown,Gambit,Non-Costume,97,4,0
Gambit = Name Unknown,Gambit,Non-Costume,98,4,0
Gambit = Name Unknown,Gambit,Non-Costume,99,4,0
Gambit = Name Unknown,Gambit,Non-Costume,100,4,0
Gambit = Name Unknown,Gambit,Non-Costume,101,4,0
Gambit = Name Unknown,Gambit,Non-Costume,102,4,0
Gambit = Name Unknown,Gambit,Non-Costume,103,4,0
Gambit = Name Unknown,Gambit,Non-Costume,104,4,0
Gambit = Name Unknown,Gambit,Non-Costume,105,4,0
Gambit = Name Unknown,Gambit,Non-Costume,106,4,0
Gambit = Name Unknown,Gambit,Non-Costume,107,4,0
Gambit = Name Unknown,Gambit,Non-Costume,108,4,0
Gambit = Name Unknown,Gambit,Non-Costume,109,4,0
Gambit = Name Unknown,Gambit,Non-Costume,110,4,0
Gambit = Name Unknown,Gambit,Non-Costume,111,4,0
Gambit = Name Unknown,Gambit,Non-Costume,112,4,0
Gambit = Name Unknown,Gambit,Non-Costume,113,4,0
Gambit = Name Unknown,Gambit,Non-Costume,114,4,0
Gambit = Name Unknown,Gambit,Non-Costume,115,4,0
Gambit = Name Unknown,Gambit,Non-Costume,116,4,0
Gambit = Name Unknown,Gambit,Non-Costume,117,4,0
Gambit = Name Unknown,Gambit,Non-Costume,118,4,0
Gambit = Name Unknown,Gambit,Non-Costume,119,4,0
Gambit = Name Unknown,Gambit,Non-Costume,120,4,0
Gambit = Name Unknown,Gambit,Non-Costume,121,4,0
Gambit = Name Unknown,Gambit,Non-Costume,122,4,0
Gambit = Name Unknown,Gambit,Non-Costume,123,4,0
Gambit = Name Unknown,Gambit,Non-Costume,124,4,0
Gambit = Name Unknown,Gambit,Non-Costume,125,4,0
Gambit = Name Unknown,Gambit,Non-Costume,126,4,0
Gambit = Name Unknown,Gambit,Non-Costume,127,4,0
Gambit = Name Unknown,Gambit,Non-Costume,128,4,0
Gambit = Name Unknown,Gambit,Non-Costume,129,4,0
Gambit = Name Unknown,Gambit,Non-Costume,130,4,0
Gambit = Name Unknown,Gambit,Non-Costume,131,4,0
Gambit = Name Unknown,Gambit,Non-Costume,132,4,0
Gambit = Name Unknown,Gambit,Non-Costume,133,4,0
Gambit = Name Unknown,Gambit,Non-Costume,134,4,0
Gambit = Name Unknown,Gambit,Non-Costume,135,4,0
Gambit = Name Unknown,Gambit,Non-Costume,136,4,0
Gambit = Name Unknown,Gambit,Non-Costume,137,4,0
Gambit = Name Unknown,Gambit,Non-Costume,138,4,0
Gambit = Name Unknown,Gambit,Non-Costume,139,4,0
Gambit = Name Unknown,Gambit,Non-Costume,140,4,0
Gambit = Name Unknown,Gambit,Non-Costume,141,4,0
Gambit = Name Unknown,Gambit,Non-Costume,142,4,0
Gambit = Name Unknown,Gambit,Non-Costume,143,4,0
Gambit = Name Unknown,Gambit,Non-Costume,144,4,0
Gambit = Name Unknown,Gambit,Non-Costume,145,4,0
Gambit = Name Unknown,Gambit,Non-Costume,146,4,0
Gambit = Name Unknown,Gambit,Non-Costume,147,4,0
Gambit = Name Unknown,Gambit,Non-Costume,148,4,0
Gambit = Name Unknown,Gambit,Non-Costume,149,4,0
Gambit = Name Unknown,Gambit,Non-Costume,150,4,0
Gambit = Name Unknown,Gambit,Non-Costume,151,4,0
Gambit = Name Unknown,Gambit,Non-Costume,152,4,0
Gambit = Name Unknown,Gambit,Non-Costume,153,4,0
Gambit = Name Unknown,Gambit,Non-Costume,154,4,0
Gambit = Name Unknown,Gambit,Non-Costume,155,4,0
Gambit = Name Unknown,Gambit,Non-Costume,156,4,0
Gambit = Name Unknown,Gambit,Non-Costume,157,4,0
Gambit = Name Unknown,Gambit,Non-Costume,158,4,0
Gambit = Name Unknown,Gambit,Non-Costume,159,4,0
Gambit = Name Unknown,Gambit,Non-Costume,160,4,0
Gambit = Name Unknown,Gambit,Non-Costume,161,4,0
Gambit = Name Unknown,Gambit,Non-Costume,162,4,0
Gambit = Name Unknown,Gambit,Non-Costume,163,4,0
Gambit = Name Unknown,Gambit,Non-Costume,164,4,0
Gambit = Name Unknown,Gambit,Non-Costume,165,4,0
Gambit = Name Unknown,Gambit,Non-Costume,166,4,0
Gambit = Name Unknown,Gambit,Non-Costume,167,4,0
Gambit = Name Unknown,Gambit,Non-Costume,168,4,0
Gambit = Name Unknown,Gambit,Non-Costume,169,4,0
Gambit = Name Unknown,Gambit,Non-Costume,170,4,0
Gambit = Name Unknown,Gambit,Non-Costume,171,4,0
Gambit = Name Unknown,Gambit,Non-Costume,172,4,0
Gambit = Name Unknown,Gambit,Non-Costume,173,4,0
Gambit = Name Unknown,Gambit,Non-Costume,174,4,0
Gambit = Name Unknown,Gambit,Non-Costume,175,4,0
Gambit = Name Unknown,Gambit,Non-Costume,176,4,0
Gambit = Name Unknown,Gambit,Non-Costume,177,4,0
Gambit = Name Unknown,Gambit,Non-Costume,178,4,0
Gambit = Name Unknown,Gambit,Non-Costume,179,4,0
Gambit = Name Unknown,Gambit,Non-Costume,180,4,0
Gambit = Name Unknown,Gambit,Non-Costume,181,4,0
Gambit = Name Unknown,Gambit,Non-Costume,182,4,0
Gambit = Name Unknown,Gambit,Non-Costume,183,4,0
Gambit = Name Unknown,Gambit,Non-Costume,184,4,0
Gambit = Name Unknown,Gambit,Non-Costume,185,4,0
Gambit = Name Unknown,Gambit,Non-Costume,186,4,0
Gambit = Name Unknown,Gambit,Non-Costume,187,4,0
Gambit = Name Unknown,Gambit,Non-Costume,188,4,0
Gambit = Name Unknown,Gambit,Non-Costume,189,4,0
Gambit = Name Unknown,Gambit,Non-Costume,190,4,0
Gambit = Name Unknown,Gambit,Non-Costume,191,4,0
Gambit = Name Unknown,Gambit,Non-Costume,192,4,0
Gambit = Name Unknown,Gambit,Non-Costume,193,4,0
Gambit = Name Unknown,Gambit,Non-Costume,194,4,0
Gambit = Name Unknown,Gambit,Non-Costume,195,4,0
Gambit = Name Unknown,Gambit,Non-Costume,196,4,0
Gambit = Name Unknown,Gambit,Non-Costume,197,4,0
Gambit = Name Unknown,Gambit,Non-Costume,198,4,0
Gambit = Name Unknown,Gambit,Non-Costume,199,4,0
Gambit = Name Unknown,Gambit,Non-Costume,200,4,0
Gambit = Name Unknown,Gambit,Non-Costume,201,4,0
Gambit = Name Unknown,Gambit,Non-Costume,202,4,0
Gambit = Name Unknown,Gambit,Non-Costume,203,4,0
Gambit = Name Unknown,Gambit,Non-Costume,204,4,0
Gambit = Name Unknown,Gambit,Non-Costume,205,4,0
Gambit = Name Unknown,Gambit,Non-Costume,206,4,0
Gambit = Name Unknown,Gambit,Non-Costume,207,4,0
Gambit = Name Unknown,Gambit,Non-Costume,208,4,0
Gambit = Name Unknown,Gambit,Non-Costume,209,4,0
Gambit = Name Unknown,Gambit,Non-Costume,210,4,0
Gambit = Name Unknown,Gambit,Non-Costume,211,4,0
Gambit = Name Unknown,Gambit,Non-Costume,212,4,0
Gambit = Name Unknown,Gambit,Non-Costume,213,4,0
Gambit = Name Unknown,Gambit,Non-Costume,214,4,0
Gambit = Name Unknown,Gambit,Non-Costume,215,4,0
Gambit = Name Unknown,Gambit,Non-Costume,216,4,0
Gambit = Name Unknown,Gambit,Non-Costume,217,4,0
Gambit = Name Unknown,Gambit,Non-Costume,218,4,0
Gambit = Name Unknown,Gambit,Non-Costume,219,4,0
Gambit = Name Unknown,Gambit,Non-Costume,220,4,0
Gambit = Name Unknown,Gambit,Non-Costume,221,4,0
Gambit = Name Unknown,Gambit,Non-Costume,222,4,0
Gambit = Name Unknown,Gambit,Non-Costume,223,4,0
Gambit = Name Unknown,Gambit,Non-Costume,224,4,0
Gambit = Name Unknown,Gambit,Non-Costume,225,4,0
Gambit = Name Unknown,Gambit,Non-Costume,226,4,0
Gambit = Name Unknown,Gambit,Non-Costume,227,4,0
Gambit = Name Unknown,Gambit,Non-Costume,228,4,0
Gambit = Name Unknown,Gambit,Non-Costume,229,4,0
Gambit = Name Unknown,Gambit,Non-Costume,230,4,0
Gambit = Name Unknown,Gambit,Non-Costume,231,4,0
Gambit = Name Unknown,Gambit,Non-Costume,232,4,0
Gambit = Name Unknown,Gambit,Non-Costume,233,4,0
Gambit = Name Unknown,Gambit,Non-Costume,234,4,0
Gambit = Name Unknown,Gambit,Non-Costume,235,4,0
Gambit = Name Unknown,Gambit,Non-Costume,236,4,0
Gambit = Name Unknown,Gambit,Non-Costume,237,4,0
Gambit = Name Unknown,Gambit,Non-Costume,238,4,0
Gambit = Name Unknown,Gambit,Non-Costume,239,4,0
Gambit = Name Unknown,Gambit,Non-Costume,240,4,0
Gambit = Name Unknown,Gambit,Non-Costume,241,4,0
Gambit = Name Unknown,Gambit,Non-Costume,242,4,0
Gambit = Name Unknown,Gambit,Non-Costume,243,4,0
Gambit = Name Unknown,Gambit,Non-Costume,244,4,0
Gambit = Name Unknown,Gambit,Non-Costume,245,4,0
Gambit = Name Unknown,Gambit,Non-Costume,246,4,0
Gambit = Name Unknown,Gambit,Non-Costume,247,4,0
Gambit = Name Unknown,Gambit,Non-Costume,248,4,0
Gambit = Name Unknown,Gambit,Non-Costume,249,4,0
Gambit = Name Unknown,Gambit,Non-Costume,250,4,0
Gambit = Name Unknown,Gambit,Non-Costume,251,4,0
Gambit = Name Unknown,Gambit,Non-Costume,252,4,0
Gambit = Name Unknown,Gambit,Non-Costume,253,4,0
Gambit = Name Unknown,Gambit,Non-Costume,254,4,0
Gambit = Name Unknown,Gambit,Non-Costume,255,4,0
Gambit = Name Unknown,Gambit,Non-Costume,256,4,0
Gambit = Name Unknown,Gambit,Non-Costume,257,4,0
Gambit = Name Unknown,Gambit,Non-Costume,258,4,0
Gambit = Name Unknown,Gambit,Non-Costume,259,4,0
Gambit = Name Unknown,Gambit,Non-Costume,260,4,0
Gambit = Name Unknown,Gambit,Non-Costume,261,4,0
Gambit = Name Unknown,Gambit,Non-Costume,262,4,0
Gambit = Name Unknown,Gambit,Non-Costume,263,4,0
Gambit = Name Unknown,Gambit,Non-Costume,264,4,0
Gambit = Name Unknown,Gambit,Non-Costume,265,4,0
Gambit = Name Unknown,Gambit,Non-Costume,266,4,0
Gambit = Name Unknown,Gambit,Non-Costume,267,4,4
Gambit = Name Unknown,Gambit,Non-Costume,268,4,0
Gambit = Name Unknown,Gambit,Non-Costume,269,4,0
Gambit = Name Unknown,Gambit,Non-Costume,270,4,0
Gambit = Name Unknown,Gambit,Non-Costume,271,4,0
Gambit = Name Unknown,Gambit,Non-Costume,272,4,0
Gambit = Name Unknown,Gambit,Non-Costume,273,4,0
Gambit = Name Unknown,Gambit,Non-Costume,274,4,0
Gambit = Name Unknown,Gambit,Non-Costume,275,4,0
Gambit = Name Unknown,Gambit,Non-Costume,276,4,0
Gambit = Name Unknown,Gambit,Non-Costume,277,4,0
Gambit = Name Unknown,Gambit,Non-Costume,278,4,0
Gambit = Name Unknown,Gambit,Non-Costume,279,4,0
Gambit = Name Unknown,Gambit,Non-Costume,280,4,0
Magneto = Erik Magnus*,Magneto,Costume,97,2,0
Magneto = Erik Magnus*,Magneto,Costume,98,2,0
Magneto = Erik Magnus*,Magneto,Costume,99,2,0
Magneto = Erik Magnus*,Magneto,Costume,100,2,0
Magneto = Erik Magnus*,Magneto,Costume,101,2,0
Magneto = Erik Magnus*,Magneto,Costume,102,2,0
Magneto = Erik Magnus*,Magneto,Costume,103,2,0
Magneto = Erik Magnus*,Magneto,Costume,104,2,23
Magneto = Erik Magnus*,Magneto,Costume,105,2,0
Magneto = Erik Magnus*,Magneto,Costume,106,2,0
Magneto = Erik Magnus*,Magneto,Costume,107,2,1
Magneto = Erik Magnus*,Magneto,Costume,108,2,0
Magneto = Erik Magnus*,Magneto,Costume,109,2,0
Magneto = Erik Magnus*,Magneto,Costume,110,2,0
Magneto = Erik Magnus*,Magneto,Costume,111,2,3
Magneto = Erik Magnus*,Magneto,Costume,112,2,51
Magneto = Erik Magnus*,Magneto,Costume,113,2,35
Magneto = Erik Magnus*,Magneto,Costume,114,2,0
Magneto = Erik Magnus*,Magneto,Costume,115,2,0
Magneto = Erik Magnus*,Magneto,Costume,116,2,0
Magneto = Erik Magnus*,Magneto,Costume,117,2,0
Magneto = Erik Magnus*,Magneto,Costume,118,2,0
Magneto = Erik Magnus*,Magneto,Costume,119,2,0
Magneto = Erik Magnus*,Magneto,Costume,120,2,0
Magneto = Erik Magnus*,Magneto,Costume,121,2,0
Magneto = Erik Magnus*,Magneto,Costume,122,2,0
Magneto = Erik Magnus*,Magneto,Costume,123,2,0
Magneto = Erik Magnus*,Magneto,Costume,124,2,0
Magneto = Erik Magnus*,Magneto,Costume,125,2,1
Magneto = Erik Magnus*,Magneto,Costume,126,2,0
Magneto = Erik Magnus*,Magneto,Costume,127,2,0
Magneto = Erik Magnus*,Magneto,Costume,128,2,2
Magneto = Erik Magnus*,Magneto,Costume,129,2,0
Magneto = Erik Magnus*,Magneto,Costume,130,2,0
Magneto = Erik Magnus*,Magneto,Costume,131,2,0
Magneto = Erik Magnus*,Magneto,Costume,132,2,0
Magneto = Erik Magnus*,Magneto,Costume,133,2,0
Magneto = Erik Magnus*,Magneto,Costume,134,2,0
Magneto = Erik Magnus*,Magneto,Costume,135,2,0
Magneto = Erik Magnus*,Magneto,Costume,136,2,0
Magneto = Erik Magnus*,Magneto,Costume,137,2,0
Magneto = Erik Magnus*,Magneto,Costume,138,2,8
Magneto = Erik Magnus*,Magneto,Costume,139,2,0
Magneto = Erik Magnus*,Magneto,Costume,140,2,0
Magneto = Erik Magnus*,Magneto,Costume,141,2,0
Magneto = Erik Magnus*,Magneto,Costume,142,2,0
Magneto = Erik Magnus*,Magneto,Costume,143,2,0
Magneto = Erik Magnus*,Magneto,Costume,144,2,0
Magneto = Erik Magnus*,Magneto,Costume,145,2,0
Magneto = Erik Magnus*,Magneto,Costume,146,2,0
Magneto = Erik Magnus*,Magneto,Costume,147,2,0
Magneto = Erik Magnus*,Magneto,Costume,148,2,1
Magneto = Erik Magnus*,Magneto,Costume,149,2,8
Magneto = Erik Magnus*,Magneto,Costume,150,2,66
Magneto = Erik Magnus*,Magneto,Costume,151,2,0
Magneto = Erik Magnus*,Magneto,Costume,152,2,0
Magneto = Erik Magnus*,Magneto,Costume,153,2,0
Magneto = Erik Magnus*,Magneto,Costume,154,2,0
Magneto = Erik Magnus*,Magneto,Costume,155,2,0
Magneto = Erik Magnus*,Magneto,Costume,156,2,0
Magneto = Erik Magnus*,Magneto,Costume,157,2,0
Magneto = Erik Magnus*,Magneto,Costume,158,2,0
Magneto = Erik Magnus*,Magneto,Costume,159,2,0
Magneto = Erik Magnus*,Magneto,Costume,160,2,0
Magneto = Erik Magnus*,Magneto,Costume,161,2,0
Magneto = Erik Magnus*,Magneto,Costume,162,2,0
Magneto = Erik Magnus*,Magneto,Costume,163,2,0
Magneto = Erik Magnus*,Magneto,Costume,164,2,0
Magneto = Erik Magnus*,Magneto,Costume,165,2,0
Magneto = Erik Magnus*,Magneto,Costume,166,2,0
Magneto = Erik Magnus*,Magneto,Costume,167,2,0
Magneto = Erik Magnus*,Magneto,Costume,168,2,0
Magneto = Erik Magnus*,Magneto,Costume,169,2,0
Magneto = Erik Magnus*,Magneto,Costume,170,2,0
Magneto = Erik Magnus*,Magneto,Costume,171,2,0
Magneto = Erik Magnus*,Magneto,Costume,172,2,0
Magneto = Erik Magnus*,Magneto,Costume,173,2,0
Magneto = Erik Magnus*,Magneto,Costume,174,2,0
Magneto = Erik Magnus*,Magneto,Costume,175,2,0
Magneto = Erik Magnus*,Magneto,Costume,176,2,0
Magneto = Erik Magnus*,Magneto,Costume,177,2,0
Magneto = Erik Magnus*,Magneto,Costume,178,2,0
Magneto = Erik Magnus*,Magneto,Costume,179,2,0
Magneto = Erik Magnus*,Magneto,Costume,180,2,0
Magneto = Erik Magnus*,Magneto,Costume,181,2,0
Magneto = Erik Magnus*,Magneto,Costume,182,2,0
Magneto = Erik Magnus*,Magneto,Costume,183,2,0
Magneto = Erik Magnus*,Magneto,Costume,184,2,0
Magneto = Erik Magnus*,Magneto,Costume,185,2,0
Magneto = Erik Magnus*,Magneto,Costume,186,2,0
Magneto = Erik Magnus*,Magneto,Costume,187,2,0
Magneto = Erik Magnus*,Magneto,Costume,188,2,7
Magneto = Erik Magnus*,Magneto,Costume,189,2,0
Magneto = Erik Magnus*,Magneto,Costume,190,2,0
Magneto = Erik Magnus*,Magneto,Costume,191,2,0
Magneto = Erik Magnus*,Magneto,Costume,192,2,0
Magneto = Erik Magnus*,Magneto,Costume,193,2,0
Magneto = Erik Magnus*,Magneto,Costume,194,2,0
Magneto = Erik Magnus*,Magneto,Costume,195,2,0
Magneto = Erik Magnus*,Magneto,Costume,196,2,0
Magneto = Erik Magnus*,Magneto,Costume,197,2,0
Magneto = Erik Magnus*,Magneto,Costume,198,2,0
Magneto = Erik Magnus*,Magneto,Costume,199,2,0
Magneto = Erik Magnus*,Magneto,Costume,200,2,55
Magneto = Erik Magnus*,Magneto,Costume,201,2,0
Magneto = Erik Magnus*,Magneto,Costume,202,2,11
Magneto = Erik Magnus*,Magneto,Costume,203,2,2
Magneto = Erik Magnus*,Magneto,Costume,204,2,0
Magneto = Erik Magnus*,Magneto,Costume,205,2,0
Magneto = Erik Magnus*,Magneto,Costume,206,2,0
Magneto = Erik Magnus*,Magneto,Costume,207,2,0
Magneto = Erik Magnus*,Magneto,Costume,208,2,0
Magneto = Erik Magnus*,Magneto,Costume,209,2,0
Magneto = Erik Magnus*,Magneto,Costume,210,2,1
Magneto = Erik Magnus*,Magneto,Costume,211,2,0
Magneto = Erik Magnus*,Magneto,Costume,212,2,13
Magneto = Erik Magnus*,Magneto,Costume,213,2,23
Magneto = Erik Magnus*,Magneto,Costume,214,2,0
Magneto = Erik Magnus*,Magneto,Costume,215,2,0
Magneto = Erik Magnus*,Magneto,Costume,216,2,0
Magneto = Erik Magnus*,Magneto,Costume,217,2,0
Magneto = Erik Magnus*,Magneto,Costume,218,2,0
Magneto = Erik Magnus*,Magneto,Costume,219,2,0
Magneto = Erik Magnus*,Magneto,Costume,220,2,0
Magneto = Erik Magnus*,Magneto,Costume,221,2,0
Magneto = Erik Magnus*,Magneto,Costume,222,2,0
Magneto = Erik Magnus*,Magneto,Costume,223,2,0
Magneto = Erik Magnus*,Magneto,Costume,224,2,0
Magneto = Erik Magnus*,Magneto,Costume,225,2,0
Magneto = Erik Magnus*,Magneto,Costume,226,2,0
Magneto = Erik Magnus*,Magneto,Costume,227,2,0
Magneto = Erik Magnus*,Magneto,Costume,228,2,0
Magneto = Erik Magnus*,Magneto,Costume,229,2,0
Magneto = Erik Magnus*,Magneto,Costume,230,2,0
Magneto = Erik Magnus*,Magneto,Costume,231,2,0
Magneto = Erik Magnus*,Magneto,Costume,232,2,0
Magneto = Erik Magnus*,Magneto,Costume,233,2,0
Magneto = Erik Magnus*,Magneto,Costume,234,2,0
Magneto = Erik Magnus*,Magneto,Costume,235,2,0
Magneto = Erik Magnus*,Magneto,Costume,236,2,0
Magneto = Erik Magnus*,Magneto,Costume,237,2,0
Magneto = Erik Magnus*,Magneto,Costume,238,2,0
Magneto = Erik Magnus*,Magneto,Costume,239,2,0
Magneto = Erik Magnus*,Magneto,Costume,240,2,0
Magneto = Erik Magnus*,Magneto,Costume,241,2,0
Magneto = Erik Magnus*,Magneto,Costume,242,2,0
Magneto = Erik Magnus*,Magneto,Costume,243,2,0
Magneto = Erik Magnus*,Magneto,Costume,244,2,0
Magneto = Erik Magnus*,Magneto,Costume,245,2,0
Magneto = Erik Magnus*,Magneto,Costume,246,2,0
Magneto = Erik Magnus*,Magneto,Costume,247,2,0
Magneto = Erik Magnus*,Magneto,Costume,248,2,0
Magneto = Erik Magnus*,Magneto,Costume,249,2,0
Magneto = Erik Magnus*,Magneto,Costume,250,2,0
Magneto = Erik Magnus*,Magneto,Costume,251,2,0
Magneto = Erik Magnus*,Magneto,Costume,252,2,0
Magneto = Erik Magnus*,Magneto,Costume,253,2,15
Magneto = Erik Magnus*,Magneto,Costume,254,2,0
Magneto = Erik Magnus*,Magneto,Costume,255,2,0
Magneto = Erik Magnus*,Magneto,Costume,256,2,0
Magneto = Erik Magnus*,Magneto,Costume,257,2,0
Magneto = Erik Magnus*,Magneto,Costume,258,2,0
Magneto = Erik Magnus*,Magneto,Costume,259,2,0
Magneto = Erik Magnus*,Magneto,Costume,260,2,0
Magneto = Erik Magnus*,Magneto,Costume,261,2,0
Magneto = Erik Magnus*,Magneto,Costume,262,2,0
Magneto = Erik Magnus*,Magneto,Costume,263,2,0
Magneto = Erik Magnus*,Magneto,Costume,264,2,0
Magneto = Erik Magnus*,Magneto,Costume,265,2,0
Magneto = Erik Magnus*,Magneto,Costume,266,2,0
Magneto = Erik Magnus*,Magneto,Costume,267,2,0
Magneto = Erik Magnus*,Magneto,Costume,268,2,0
Magneto = Erik Magnus*,Magneto,Costume,269,2,5
Magneto = Erik Magnus*,Magneto,Costume,270,2,0
Magneto = Erik Magnus*,Magneto,Costume,271,2,0
Magneto = Erik Magnus*,Magneto,Costume,272,2,0
Magneto = Erik Magnus*,Magneto,Costume,273,2,0
Magneto = Erik Magnus*,Magneto,Costume,274,2,36
Magneto = Erik Magnus*,Magneto,Costume,275,2,6
Magneto = Erik Magnus*,Magneto,Costume,276,2,0
Magneto = Erik Magnus*,Magneto,Costume,277,2,0
Magneto = Erik Magnus*,Magneto,Costume,278,2,0
Magneto = Erik Magnus*,Magneto,Costume,279,2,0
Magneto = Erik Magnus*,Magneto,Costume,280,2,0
Magneto = Erik Magnus*,Magneto,Non-Costume,97,2,0
Magneto = Erik Magnus*,Magneto,Non-Costume,98,2,0
Magneto = Erik Magnus*,Magneto,Non-Costume,99,2,0
Magneto = Erik Magnus*,Magneto,Non-Costume,100,2,0
Magneto = Erik Magnus*,Magneto,Non-Costume,101,2,0
Magneto = Erik Magnus*,Magneto,Non-Costume,102,2,0
Magneto = Erik Magnus*,Magneto,Non-Costume,103,2,0
Magneto = Erik Magnus*,Magneto,Non-Costume,104,2,2
Magneto = Erik Magnus*,Magneto,Non-Costume,105,2,0
Magneto = Erik Magnus*,Magneto,Non-Costume,106,2,0
Magneto = Erik Magnus*,Magneto,Non-Costume,107,2,0
Magneto = Erik Magnus*,Magneto,Non-Costume,108,2,0
Magneto = Erik Magnus*,Magneto,Non-Costume,109,2,0
Magneto = Erik Magnus*,Magneto,Non-Costume,110,2,0
Magneto = Erik Magnus*,Magneto,Non-Costume,111,2,0
Magneto = Erik Magnus*,Magneto,Non-Costume,112,2,0
Magneto = Erik Magnus*,Magneto,Non-Costume,113,2,0
Magneto = Erik Magnus*,Magneto,Non-Costume,114,2,0
Magneto = Erik Magnus*,Magneto,Non-Costume,115,2,0
Magneto = Erik Magnus*,Magneto,Non-Costume,116,2,0
Magneto = Erik Magnus*,Magneto,Non-Costume,117,2,0
Magneto = Erik Magnus*,Magneto,Non-Costume,118,2,0
Magneto = Erik Magnus*,Magneto,Non-Costume,119,2,0
Magneto = Erik Magnus*,Magneto,Non-Costume,120,2,0
Magneto = Erik Magnus*,Magneto,Non-Costume,121,2,0
Magneto = Erik Magnus*,Magneto,Non-Costume,122,2,0
Magneto = Erik Magnus*,Magneto,Non-Costume,123,2,0
Magneto = Erik Magnus*,Magneto,Non-Costume,124,2,0
Magneto = Erik Magnus*,Magneto,Non-Costume,125,2,2
Magneto = Erik Magnus*,Magneto,Non-Costume,126,2,0
Magneto = Erik Magnus*,Magneto,Non-Costume,127,2,0
Magneto = Erik Magnus*,Magneto,Non-Costume,128,2,0
Magneto = Erik Magnus*,Magneto,Non-Costume,129,2,0
Magneto = Erik Magnus*,Magneto,Non-Costume,130,2,0
Magneto = Erik Magnus*,Magneto,Non-Costume,131,2,0
Magneto = Erik Magnus*,Magneto,Non-Costume,132,2,0
Magneto = Erik Magnus*,Magneto,Non-Costume,133,2,0
Magneto = Erik Magnus*,Magneto,Non-Costume,134,2,0
Magneto = Erik Magnus*,Magneto,Non-Costume,135,2,0
Magneto = Erik Magnus*,Magneto,Non-Costume,136,2,0
Magneto = Erik Magnus*,Magneto,Non-Costume,137,2,0
Magneto = Erik Magnus*,Magneto,Non-Costume,138,2,0
Magneto = Erik Magnus*,Magneto,Non-Costume,139,2,0
Magneto = Erik Magnus*,Magneto,Non-Costume,140,2,0
Magneto = Erik Magnus*,Magneto,Non-Costume,141,2,5
Magneto = Erik Magnus*,Magneto,Non-Costume,142,2,1
Magneto = Erik Magnus*,Magneto,Non-Costume,143,2,0
Magneto = Erik Magnus*,Magneto,Non-Costume,144,2,0
Magneto = Erik Magnus*,Magneto,Non-Costume,145,2,0
Magneto = Erik Magnus*,Magneto,Non-Costume,146,2,0
Magneto = Erik Magnus*,Magneto,Non-Costume,147,2,0
Magneto = Erik Magnus*,Magneto,Non-Costume,148,2,0
Magneto = Erik Magnus*,Magneto,Non-Costume,149,2,0
Magneto = Erik Magnus*,Magneto,Non-Costume,150,2,5
Magneto = Erik Magnus*,Magneto,Non-Costume,151,2,0
Magneto = Erik Magnus*,Magneto,Non-Costume,152,2,0
Magneto = Erik Magnus*,Magneto,Non-Costume,153,2,0
Magneto = Erik Magnus*,Magneto,Non-Costume,154,2,0
Magneto = Erik Magnus*,Magneto,Non-Costume,155,2,0
Magneto = Erik Magnus*,Magneto,Non-Costume,156,2,0
Magneto = Erik Magnus*,Magneto,Non-Costume,157,2,0
Magneto = Erik Magnus*,Magneto,Non-Costume,158,2,0
Magneto = Erik Magnus*,Magneto,Non-Costume,159,2,0
Magneto = Erik Magnus*,Magneto,Non-Costume,160,2,0
Magneto = Erik Magnus*,Magneto,Non-Costume,161,2,37
Magneto = Erik Magnus*,Magneto,Non-Costume,162,2,0
Magneto = Erik Magnus*,Magneto,Non-Costume,163,2,0
Magneto = Erik Magnus*,Magneto,Non-Costume,164,2,0
Magneto = Erik Magnus*,Magneto,Non-Costume,165,2,0
Magneto = Erik Magnus*,Magneto,Non-Costume,166,2,0
Magneto = Erik Magnus*,Magneto,Non-Costume,167,2,0
Magneto = Erik Magnus*,Magneto,Non-Costume,168,2,0
Magneto = Erik Magnus*,Magneto,Non-Costume,169,2,0
Magneto = Erik Magnus*,Magneto,Non-Costume,170,2,0
Magneto = Erik Magnus*,Magneto,Non-Costume,171,2,0
Magneto = Erik Magnus*,Magneto,Non-Costume,172,2,0
Magneto = Erik Magnus*,Magneto,Non-Costume,173,2,0
Magneto = Erik Magnus*,Magneto,Non-Costume,174,2,0
Magneto = Erik Magnus*,Magneto,Non-Costume,175,2,0
Magneto = Erik Magnus*,Magneto,Non-Costume,176,2,0
Magneto = Erik Magnus*,Magneto,Non-Costume,177,2,0
Magneto = Erik Magnus*,Magneto,Non-Costume,178,2,0
Magneto = Erik Magnus*,Magneto,Non-Costume,179,2,0
Magneto = Erik Magnus*,Magneto,Non-Costume,180,2,0
Magneto = Erik Magnus*,Magneto,Non-Costume,181,2,0
Magneto = Erik Magnus*,Magneto,Non-Costume,182,2,0
Magneto = Erik Magnus*,Magneto,Non-Costume,183,2,0
Magneto = Erik Magnus*,Magneto,Non-Costume,184,2,0
Magneto = Erik Magnus*,Magneto,Non-Costume,185,2,0
Magneto = Erik Magnus*,Magneto,Non-Costume,186,2,0
Magneto = Erik Magnus*,Magneto,Non-Costume,187,2,0
Magneto = Erik Magnus*,Magneto,Non-Costume,188,2,0
Magneto = Erik Magnus*,Magneto,Non-Costume,189,2,0
Magneto = Erik Magnus*,Magneto,Non-Costume,190,2,0
Magneto = Erik Magnus*,Magneto,Non-Costume,191,2,0
Magneto = Erik Magnus*,Magneto,Non-Costume,192,2,0
Magneto = Erik Magnus*,Magneto,Non-Costume,193,2,0
Magneto = Erik Magnus*,Magneto,Non-Costume,194,2,0
Magneto = Erik Magnus*,Magneto,Non-Costume,195,2,0
Magneto = Erik Magnus*,Magneto,Non-Costume,196,2,17
Magneto = Erik Magnus*,Magneto,Non-Costume,197,2,0
Magneto = Erik Magnus*,Magneto,Non-Costume,198,2,0
Magneto = Erik Magnus*,Magneto,Non-Costume,199,2,25
Magneto = Erik Magnus*,Magneto,Non-Costume,200,2,1
Magneto = Erik Magnus*,Magneto,Non-Costume,201,2,5
Magneto = Erik Magnus*,Magneto,Non-Costume,202,2,3
Magneto = Erik Magnus*,Magneto,Non-Costume,203,2,7
Magneto = Erik Magnus*,Magneto,Non-Costume,204,2,0
Magneto = Erik Magnus*,Magneto,Non-Costume,205,2,0
Magneto = Erik Magnus*,Magneto,Non-Costume,206,2,0
Magneto = Erik Magnus*,Magneto,Non-Costume,207,2,0
Magneto = Erik Magnus*,Magneto,Non-Costume,208,2,0
Magneto = Erik Magnus*,Magneto,Non-Costume,209,2,0
Magneto = Erik Magnus*,Magneto,Non-Costume,210,2,9
Magneto = Erik Magnus*,Magneto,Non-Costume,211,2,7
Magneto = Erik Magnus*,Magneto,Non-Costume,212,2,0
Magneto = Erik Magnus*,Magneto,Non-Costume,213,2,0
Magneto = Erik Magnus*,Magneto,Non-Costume,214,2,0
Magneto = Erik Magnus*,Magneto,Non-Costume,215,2,0
Magneto = Erik Magnus*,Magneto,Non-Costume,216,2,0
Magneto = Erik Magnus*,Magneto,Non-Costume,217,2,0
Magneto = Erik Magnus*,Magneto,Non-Costume,218,2,0
Magneto = Erik Magnus*,Magneto,Non-Costume,219,2,19
Magneto = Erik Magnus*,Magneto,Non-Costume,220,2,0
Magneto = Erik Magnus*,Magneto,Non-Costume,221,2,0
Magneto = Erik Magnus*,Magneto,Non-Costume,222,2,0
Magneto = Erik Magnus*,Magneto,Non-Costume,223,2,0
Magneto = Erik Magnus*,Magneto,Non-Costume,224,2,0
Magneto = Erik Magnus*,Magneto,Non-Costume,225,2,0
Magneto = Erik Magnus*,Magneto,Non-Costume,226,2,0
Magneto = Erik Magnus*,Magneto,Non-Costume,227,2,0
Magneto = Erik Magnus*,Magneto,Non-Costume,228,2,0
Magneto = Erik Magnus*,Magneto,Non-Costume,229,2,0
Magneto = Erik Magnus*,Magneto,Non-Costume,230,2,0
Magneto = Erik Magnus*,Magneto,Non-Costume,231,2,0
Magneto = Erik Magnus*,Magneto,Non-Costume,232,2,0
Magneto = Erik Magnus*,Magneto,Non-Costume,233,2,0
Magneto = Erik Magnus*,Magneto,Non-Costume,234,2,0
Magneto = Erik Magnus*,Magneto,Non-Costume,235,2,0
Magneto = Erik Magnus*,Magneto,Non-Costume,236,2,0
Magneto = Erik Magnus*,Magneto,Non-Costume,237,2,0
Magneto = Erik Magnus*,Magneto,Non-Costume,238,2,0
Magneto = Erik Magnus*,Magneto,Non-Costume,239,2,0
Magneto = Erik Magnus*,Magneto,Non-Costume,240,2,0
Magneto = Erik Magnus*,Magneto,Non-Costume,241,2,0
Magneto = Erik Magnus*,Magneto,Non-Costume,242,2,0
Magneto = Erik Magnus*,Magneto,Non-Costume,243,2,0
Magneto = Erik Magnus*,Magneto,Non-Costume,244,2,0
Magneto = Erik Magnus*,Magneto,Non-Costume,245,2,0
Magneto = Erik Magnus*,Magneto,Non-Costume,246,2,0
Magneto = Erik Magnus*,Magneto,Non-Costume,247,2,0
Magneto = Erik Magnus*,Magneto,Non-Costume,248,2,0
Magneto = Erik Magnus*,Magneto,Non-Costume,249,2,0
Magneto = Erik Magnus*,Magneto,Non-Costume,250,2,0
Magneto = Erik Magnus*,Magneto,Non-Costume,251,2,0
Magneto = Erik Magnus*,Magneto,Non-Costume,252,2,0
Magneto = Erik Magnus*,Magneto,Non-Costume,253,2,0
Magneto = Erik Magnus*,Magneto,Non-Costume,254,2,0
Magneto = Erik Magnus*,Magneto,Non-Costume,255,2,0
Magneto = Erik Magnus*,Magneto,Non-Costume,256,2,0
Magneto = Erik Magnus*,Magneto,Non-Costume,257,2,0
Magneto = Erik Magnus*,Magneto,Non-Costume,258,2,0
Magneto = Erik Magnus*,Magneto,Non-Costume,259,2,0
Magneto = Erik Magnus*,Magneto,Non-Costume,260,2,0
Magneto = Erik Magnus*,Magneto,Non-Costume,261,2,0
Magneto = Erik Magnus*,Magneto,Non-Costume,262,2,0
Magneto = Erik Magnus*,Magneto,Non-Costume,263,2,0
Magneto = Erik Magnus*,Magneto,Non-Costume,264,2,0
Magneto = Erik Magnus*,Magneto,Non-Costume,265,2,0
Magneto = Erik Magnus*,Magneto,Non-Costume,266,2,0
Magneto = Erik Magnus*,Magneto,Non-Costume,267,2,0
Magneto = Erik Magnus*,Magneto,Non-Costume,268,2,0
Magneto = Erik Magnus*,Magneto,Non-Costume,269,2,0
Magneto = Erik Magnus*,Magneto,Non-Costume,270,2,0
Magneto = Erik Magnus*,Magneto,Non-Costume,271,2,0
Magneto = Erik Magnus*,Magneto,Non-Costume,272,2,0
Magneto = Erik Magnus*,Magneto,Non-Costume,273,2,0
Magneto = Erik Magnus*,Magneto,Non-Costume,274,2,10
Magneto = Erik Magnus*,Magneto,Non-Costume,275,2,24
Magneto = Erik Magnus*,Magneto,Non-Costume,276,2,0
Magneto = Erik Magnus*,Magneto,Non-Costume,277,2,0
Magneto = Erik Magnus*,Magneto,Non-Costume,278,2,0
Magneto = Erik Magnus*,Magneto,Non-Costume,279,2,0
Magneto = Erik Magnus*,Magneto,Non-Costume,280,2,0
Nightcrawler = Kurt Wagner,Nightcrawler,Costume,97,3,17
Nightcrawler = Kurt Wagner,Nightcrawler,Costume,98,3,5
Nightcrawler = Kurt Wagner,Nightcrawler,Costume,99,3,27
Nightcrawler = Kurt Wagner,Nightcrawler,Costume,100,3,15
Nightcrawler = Kurt Wagner,Nightcrawler,Costume,101,3,9
Nightcrawler = Kurt Wagner,Nightcrawler,Costume,102,3,26
Nightcrawler = Kurt Wagner,Nightcrawler,Costume,103,3,28
Nightcrawler = Kurt Wagner,Nightcrawler,Costume,104,3,20
Nightcrawler = Kurt Wagner,Nightcrawler,Costume,105,3,17
Nightcrawler = Kurt Wagner,Nightcrawler,Costume,106,3,0
Nightcrawler = Kurt Wagner,Nightcrawler,Costume,107,3,17
Nightcrawler = Kurt Wagner,Nightcrawler,Costume,108,3,16
Nightcrawler = Kurt Wagner,Nightcrawler,Costume,109,3,17
Nightcrawler = Kurt Wagner,Nightcrawler,Costume,110,3,23
Nightcrawler = Kurt Wagner,Nightcrawler,Costume,111,3,5
Nightcrawler = Kurt Wagner,Nightcrawler,Costume,112,3,15
Nightcrawler = Kurt Wagner,Nightcrawler,Costume,113,3,10
Nightcrawler = Kurt Wagner,Nightcrawler,Costume,114,3,13
Nightcrawler = Kurt Wagner,Nightcrawler,Costume,115,3,16
Nightcrawler = Kurt Wagner,Nightcrawler,Costume,116,3,28
Nightcrawler = Kurt Wagner,Nightcrawler,Costume,117,3,4
Nightcrawler = Kurt Wagner,Nightcrawler,Costume,118,3,21
Nightcrawler = Kurt Wagner,Nightcrawler,Costume,119,3,17
Nightcrawler = Kurt Wagner,Nightcrawler,Costume,120,3,3
Nightcrawler = Kurt Wagner,Nightcrawler,Costume,121,3,12
Nightcrawler = Kurt Wagner,Nightcrawler,Costume,122,3,0
Nightcrawler = Kurt Wagner,Nightcrawler,Costume,123,3,13
Nightcrawler = Kurt Wagner,Nightcrawler,Costume,124,3,22
Nightcrawler = Kurt Wagner,Nightcrawler,Costume,125,3,14
Nightcrawler = Kurt Wagner,Nightcrawler,Costume,126,3,24
Nightcrawler = Kurt Wagner,Nightcrawler,Costume,127,3,22
Nightcrawler = Kurt Wagner,Nightcrawler,Costume,128,3,15
Nightcrawler = Kurt Wagner,Nightcrawler,Costume,129,3,0
Nightcrawler = Kurt Wagner,Nightcrawler,Costume,130,3,18
Nightcrawler = Kurt Wagner,Nightcrawler,Costume,131,3,19
Nightcrawler = Kurt Wagner,Nightcrawler,Costume,132,3,14
Nightcrawler = Kurt Wagner,Nightcrawler,Costume,133,3,6
Nightcrawler = Kurt Wagner,Nightcrawler,Costume,134,3,21
Nightcrawler = Kurt Wagner,Nightcrawler,Costume,135,3,12
Nightcrawler = Kurt Wagner,Nightcrawler,Costume,136,3,13
Nightcrawler = Kurt Wagner,Nightcrawler,Costume,137,3,28
Nightcrawler = Kurt Wagner,Nightcrawler,Costume,138,3,4
Nightcrawler = Kurt Wagner,Nightcrawler,Costume,139,3,30
Nightcrawler = Kurt Wagner,Nightcrawler,Costume,140,3,23
Nightcrawler = Kurt Wagner,Nightcrawler,Costume,141,3,17
Nightcrawler = Kurt Wagner,Nightcrawler,Costume,142,3,20
Nightcrawler = Kurt Wagner,Nightcrawler,Costume,143,3,0
Nightcrawler = Kurt Wagner,Nightcrawler,Costume,144,3,5
Nightcrawler = Kurt Wagner,Nightcrawler,Costume,145,3,17
Nightcrawler = Kurt Wagner,Nightcrawler,Costume,146,3,4
Nightcrawler = Kurt Wagner,Nightcrawler,Costume,147,3,36
Nightcrawler = Kurt Wagner,Nightcrawler,Costume,148,3,10
Nightcrawler = Kurt Wagner,Nightcrawler,Costume,149,3,33
Nightcrawler = Kurt Wagner,Nightcrawler,Costume,150,3,47
Nightcrawler = Kurt Wagner,Nightcrawler,Costume,151,3,8
Nightcrawler = Kurt Wagner,Nightcrawler,Costume,152,3,18
Nightcrawler = Kurt Wagner,Nightcrawler,Costume,153,3,3
Nightcrawler = Kurt Wagner,Nightcrawler,Costume,154,3,4
Nightcrawler = Kurt Wagner,Nightcrawler,Costume,155,3,13
Nightcrawler = Kurt Wagner,Nightcrawler,Costume,156,3,8
Nightcrawler = Kurt Wagner,Nightcrawler,Costume,157,3,31
Nightcrawler = Kurt Wagner,Nightcrawler,Costume,158,3,19
Nightcrawler = Kurt Wagner,Nightcrawler,Costume,159,3,25
Nightcrawler = Kurt Wagner,Nightcrawler,Costume,160,3,26
Nightcrawler = Kurt Wagner,Nightcrawler,Costume,161,3,0
Nightcrawler = Kurt Wagner,Nightcrawler,Costume,162,3,0
Nightcrawler = Kurt Wagner,Nightcrawler,Costume,163,3,0
Nightcrawler = Kurt Wagner,Nightcrawler,Costume,164,3,16
Nightcrawler = Kurt Wagner,Nightcrawler,Costume,165,3,4
Nightcrawler = Kurt Wagner,Nightcrawler,Costume,166,3,22
Nightcrawler = Kurt Wagner,Nightcrawler,Costume,167,3,18
Nightcrawler = Kurt Wagner,Nightcrawler,Costume,168,3,1
Nightcrawler = Kurt Wagner,Nightcrawler,Costume,169,3,22
Nightcrawler = Kurt Wagner,Nightcrawler,Costume,170,3,27
Nightcrawler = Kurt Wagner,Nightcrawler,Costume,171,3,18
Nightcrawler = Kurt Wagner,Nightcrawler,Costume,172,3,7
Nightcrawler = Kurt Wagner,Nightcrawler,Costume,173,3,0
Nightcrawler = Kurt Wagner,Nightcrawler,Costume,174,3,0
Nightcrawler = Kurt Wagner,Nightcrawler,Costume,175,3,18
Nightcrawler = Kurt Wagner,Nightcrawler,Costume,176,3,1
Nightcrawler = Kurt Wagner,Nightcrawler,Costume,177,3,0
Nightcrawler = Kurt Wagner,Nightcrawler,Costume,178,3,0
Nightcrawler = Kurt Wagner,Nightcrawler,Costume,179,3,6
Nightcrawler = Kurt Wagner,Nightcrawler,Costume,180,3,0
Nightcrawler = Kurt Wagner,Nightcrawler,Costume,181,3,14
Nightcrawler = Kurt Wagner,Nightcrawler,Costume,182,3,0
Nightcrawler = Kurt Wagner,Nightcrawler,Costume,183,3,3
Nightcrawler = Kurt Wagner,Nightcrawler,Costume,184,3,11
Nightcrawler = Kurt Wagner,Nightcrawler,Costume,185,3,0
Nightcrawler = Kurt Wagner,Nightcrawler,Costume,186,3,0
Nightcrawler = Kurt Wagner,Nightcrawler,Costume,187,3,0
Nightcrawler = Kurt Wagner,Nightcrawler,Costume,188,3,39
Nightcrawler = Kurt Wagner,Nightcrawler,Costume,189,3,2
Nightcrawler = Kurt Wagner,Nightcrawler,Costume,190,3,0
Nightcrawler = Kurt Wagner,Nightcrawler,Costume,191,3,1
Nightcrawler = Kurt Wagner,Nightcrawler,Costume,192,3,46
Nightcrawler = Kurt Wagner,Nightcrawler,Costume,193,3,41
Nightcrawler = Kurt Wagner,Nightcrawler,Costume,194,3,10
Nightcrawler = Kurt Wagner,Nightcrawler,Costume,195,3,0
Nightcrawler = Kurt Wagner,Nightcrawler,Costume,196,3,7
Nightcrawler = Kurt Wagner,Nightcrawler,Costume,197,3,0
Nightcrawler = Kurt Wagner,Nightcrawler,Costume,198,3,0
Nightcrawler = Kurt Wagner,Nightcrawler,Costume,199,3,6
Nightcrawler = Kurt Wagner,Nightcrawler,Costume,200,3,20
Nightcrawler = Kurt Wagner,Nightcrawler,Costume,201,3,15
Nightcrawler = Kurt Wagner,Nightcrawler,Costume,202,3,5
Nightcrawler = Kurt Wagner,Nightcrawler,Costume,203,3,0
Nightcrawler = Kurt Wagner,Nightcrawler,Costume,204,3,68
Nightcrawler = Kurt Wagner,Nightcrawler,Costume,205,3,0
Nightcrawler = Kurt Wagner,Nightcrawler,Costume,206,3,0
Nightcrawler = Kurt Wagner,Nightcrawler,Costume,207,3,2
Nightcrawler = Kurt Wagner,Nightcrawler,Costume,208,3,8
Nightcrawler = Kurt Wagner,Nightcrawler,Costume,209,3,10
Nightcrawler = Kurt Wagner,Nightcrawler,Costume,210,3,0
Nightcrawler = Kurt Wagner,Nightcrawler,Costume,211,3,18
Nightcrawler = Kurt Wagner,Nightcrawler,Costume,212,3,0
Nightcrawler = Kurt Wagner,Nightcrawler,Costume,213,3,0
Nightcrawler = Kurt Wagner,Nightcrawler,Costume,214,3,0
Nightcrawler = Kurt Wagner,Nightcrawler,Costume,215,3,0
Nightcrawler = Kurt Wagner,Nightcrawler,Costume,216,3,0
Nightcrawler = Kurt Wagner,Nightcrawler,Costume,217,3,0
Nightcrawler = Kurt Wagner,Nightcrawler,Costume,218,3,0
Nightcrawler = Kurt Wagner,Nightcrawler,Costume,219,3,0
Nightcrawler = Kurt Wagner,Nightcrawler,Costume,220,3,0
Nightcrawler = Kurt Wagner,Nightcrawler,Costume,221,3,0
Nightcrawler = Kurt Wagner,Nightcrawler,Costume,222,3,0
Nightcrawler = Kurt Wagner,Nightcrawler,Costume,223,3,0
Nightcrawler = Kurt Wagner,Nightcrawler,Costume,224,3,0
Nightcrawler = Kurt Wagner,Nightcrawler,Costume,225,3,0
Nightcrawler = Kurt Wagner,Nightcrawler,Costume,226,3,0
Nightcrawler = Kurt Wagner,Nightcrawler,Costume,227,3,0
Nightcrawler = Kurt Wagner,Nightcrawler,Costume,228,3,0
Nightcrawler = Kurt Wagner,Nightcrawler,Costume,229,3,0
Nightcrawler = Kurt Wagner,Nightcrawler,Costume,230,3,0
Nightcrawler = Kurt Wagner,Nightcrawler,Costume,231,3,0
Nightcrawler = Kurt Wagner,Nightcrawler,Costume,232,3,0
Nightcrawler = Kurt Wagner,Nightcrawler,Costume,233,3,0
Nightcrawler = Kurt Wagner,Nightcrawler,Costume,234,3,0
Nightcrawler = Kurt Wagner,Nightcrawler,Costume,235,3,0
Nightcrawler = Kurt Wagner,Nightcrawler,Costume,236,3,0
Nightcrawler = Kurt Wagner,Nightcrawler,Costume,237,3,0
Nightcrawler = Kurt Wagner,Nightcrawler,Costume,238,3,0
Nightcrawler = Kurt Wagner,Nightcrawler,Costume,239,3,0
Nightcrawler = Kurt Wagner,Nightcrawler,Costume,240,3,0
Nightcrawler = Kurt Wagner,Nightcrawler,Costume,241,3,0
Nightcrawler = Kurt Wagner,Nightcrawler,Costume,242,3,0
Nightcrawler = Kurt Wagner,Nightcrawler,Costume,243,3,0
Nightcrawler = Kurt Wagner,Nightcrawler,Costume,244,3,0
Nightcrawler = Kurt Wagner,Nightcrawler,Costume,245,3,0
Nightcrawler = Kurt Wagner,Nightcrawler,Costume,246,3,0
Nightcrawler = Kurt Wagner,Nightcrawler,Costume,247,3,0
Nightcrawler = Kurt Wagner,Nightcrawler,Costume,248,3,0
Nightcrawler = Kurt Wagner,Nightcrawler,Costume,249,3,0
Nightcrawler = Kurt Wagner,Nightcrawler,Costume,250,3,0
Nightcrawler = Kurt Wagner,Nightcrawler,Costume,251,3,0
Nightcrawler = Kurt Wagner,Nightcrawler,Costume,252,3,0
Nightcrawler = Kurt Wagner,Nightcrawler,Costume,253,3,0
Nightcrawler = Kurt Wagner,Nightcrawler,Costume,254,3,0
Nightcrawler = Kurt Wagner,Nightcrawler,Costume,255,3,0
Nightcrawler = Kurt Wagner,Nightcrawler,Costume,256,3,0
Nightcrawler = Kurt Wagner,Nightcrawler,Costume,257,3,0
Nightcrawler = Kurt Wagner,Nightcrawler,Costume,258,3,0
Nightcrawler = Kurt Wagner,Nightcrawler,Costume,259,3,0
Nightcrawler = Kurt Wagner,Nightcrawler,Costume,260,3,0
Nightcrawler = Kurt Wagner,Nightcrawler,Costume,261,3,0
Nightcrawler = Kurt Wagner,Nightcrawler,Costume,262,3,0
Nightcrawler = Kurt Wagner,Nightcrawler,Costume,263,3,0
Nightcrawler = Kurt Wagner,Nightcrawler,Costume,264,3,0
Nightcrawler = Kurt Wagner,Nightcrawler,Costume,265,3,0
Nightcrawler = Kurt Wagner,Nightcrawler,Costume,266,3,0
Nightcrawler = Kurt Wagner,Nightcrawler,Costume,267,3,0
Nightcrawler = Kurt Wagner,Nightcrawler,Costume,268,3,0
Nightcrawler = Kurt Wagner,Nightcrawler,Costume,269,3,0
Nightcrawler = Kurt Wagner,Nightcrawler,Costume,270,3,0
Nightcrawler = Kurt Wagner,Nightcrawler,Costume,271,3,0
Nightcrawler = Kurt Wagner,Nightcrawler,Costume,272,3,0
Nightcrawler = Kurt Wagner,Nightcrawler,Costume,273,3,0
Nightcrawler = Kurt Wagner,Nightcrawler,Costume,274,3,0
Nightcrawler = Kurt Wagner,Nightcrawler,Costume,275,3,0
Nightcrawler = Kurt Wagner,Nightcrawler,Costume,276,3,0
Nightcrawler = Kurt Wagner,Nightcrawler,Costume,277,3,0
Nightcrawler = Kurt Wagner,Nightcrawler,Costume,278,3,0
Nightcrawler = Kurt Wagner,Nightcrawler,Costume,279,3,0
Nightcrawler = Kurt Wagner,Nightcrawler,Costume,280,3,0
Nightcrawler = Kurt Wagner,Nightcrawler,Non-Costume,97,3,5
Nightcrawler = Kurt Wagner,Nightcrawler,Non-Costume,98,3,3
Nightcrawler = Kurt Wagner,Nightcrawler,Non-Costume,99,3,0
Nightcrawler = Kurt Wagner,Nightcrawler,Non-Costume,100,3,0
Nightcrawler = Kurt Wagner,Nightcrawler,Non-Costume,101,3,22
Nightcrawler = Kurt Wagner,Nightcrawler,Non-Costume,102,3,0
Nightcrawler = Kurt Wagner,Nightcrawler,Non-Costume,103,3,8
Nightcrawler = Kurt Wagner,Nightcrawler,Non-Costume,104,3,0
Nightcrawler = Kurt Wagner,Nightcrawler,Non-Costume,105,3,0
Nightcrawler = Kurt Wagner,Nightcrawler,Non-Costume,106,3,0
Nightcrawler = Kurt Wagner,Nightcrawler,Non-Costume,107,3,0
Nightcrawler = Kurt Wagner,Nightcrawler,Non-Costume,108,3,0
Nightcrawler = Kurt Wagner,Nightcrawler,Non-Costume,109,3,0
Nightcrawler = Kurt Wagner,Nightcrawler,Non-Costume,110,3,4
Nightcrawler = Kurt Wagner,Nightcrawler,Non-Costume,111,3,0
Nightcrawler = Kurt Wagner,Nightcrawler,Non-Costume,112,3,0
Nightcrawler = Kurt Wagner,Nightcrawler,Non-Costume,113,3,0
Nightcrawler = Kurt Wagner,Nightcrawler,Non-Costume,114,3,1
Nightcrawler = Kurt Wagner,Nightcrawler,Non-Costume,115,3,0
Nightcrawler = Kurt Wagner,Nightcrawler,Non-Costume,116,3,0
Nightcrawler = Kurt Wagner,Nightcrawler,Non-Costume,117,3,0
Nightcrawler = Kurt Wagner,Nightcrawler,Non-Costume,118,3,0
Nightcrawler = Kurt Wagner,Nightcrawler,Non-Costume,119,3,0
Nightcrawler = Kurt Wagner,Nightcrawler,Non-Costume,120,3,14
Nightcrawler = Kurt Wagner,Nightcrawler,Non-Costume,121,3,1
Nightcrawler = Kurt Wagner,Nightcrawler,Non-Costume,122,3,2
Nightcrawler = Kurt Wagner,Nightcrawler,Non-Costume,123,3,4
Nightcrawler = Kurt Wagner,Nightcrawler,Non-Costume,124,3,0
Nightcrawler = Kurt Wagner,Nightcrawler,Non-Costume,125,3,0
Nightcrawler = Kurt Wagner,Nightcrawler,Non-Costume,126,3,0
Nightcrawler = Kurt Wagner,Nightcrawler,Non-Costume,127,3,0
Nightcrawler = Kurt Wagner,Nightcrawler,Non-Costume,128,3,0
Nightcrawler = Kurt Wagner,Nightcrawler,Non-Costume,129,3,0
Nightcrawler = Kurt Wagner,Nightcrawler,Non-Costume,130,3,0
Nightcrawler = Kurt Wagner,Nightcrawler,Non-Costume,131,3,1
Nightcrawler = Kurt Wagner,Nightcrawler,Non-Costume,132,3,0
Nightcrawler = Kurt Wagner,Nightcrawler,Non-Costume,133,3,2
Nightcrawler = Kurt Wagner,Nightcrawler,Non-Costume,134,3,1
Nightcrawler = Kurt Wagner,Nightcrawler,Non-Costume,135,3,0
Nightcrawler = Kurt Wagner,Nightcrawler,Non-Costume,136,3,0
Nightcrawler = Kurt Wagner,Nightcrawler,Non-Costume,137,3,0
Nightcrawler = Kurt Wagner,Nightcrawler,Non-Costume,138,3,1
Nightcrawler = Kurt Wagner,Nightcrawler,Non-Costume,139,3,0
Nightcrawler = Kurt Wagner,Nightcrawler,Non-Costume,140,3,0
Nightcrawler = Kurt Wagner,Nightcrawler,Non-Costume,141,3,0
Nightcrawler = Kurt Wagner,Nightcrawler,Non-Costume,142,3,0
Nightcrawler = Kurt Wagner,Nightcrawler,Non-Costume,143,3,3
Nightcrawler = Kurt Wagner,Nightcrawler,Non-Costume,144,3,0
Nightcrawler = Kurt Wagner,Nightcrawler,Non-Costume,145,3,2
Nightcrawler = Kurt Wagner,Nightcrawler,Non-Costume,146,3,0
Nightcrawler = Kurt Wagner,Nightcrawler,Non-Costume,147,3,0
Nightcrawler = Kurt Wagner,Nightcrawler,Non-Costume,148,3,0
Nightcrawler = Kurt Wagner,Nightcrawler,Non-Costume,149,3,6
Nightcrawler = Kurt Wagner,Nightcrawler,Non-Costume,150,3,0
Nightcrawler = Kurt Wagner,Nightcrawler,Non-Costume,151,3,19
Nightcrawler = Kurt Wagner,Nightcrawler,Non-Costume,152,3,0
Nightcrawler = Kurt Wagner,Nightcrawler,Non-Costume,153,3,23
Nightcrawler = Kurt Wagner,Nightcrawler,Non-Costume,154,3,0
Nightcrawler = Kurt Wagner,Nightcrawler,Non-Costume,155,3,0
Nightcrawler = Kurt Wagner,Nightcrawler,Non-Costume,156,3,0
Nightcrawler = Kurt Wagner,Nightcrawler,Non-Costume,157,3,0
Nightcrawler = Kurt Wagner,Nightcrawler,Non-Costume,158,3,0
Nightcrawler = Kurt Wagner,Nightcrawler,Non-Costume,159,3,0
Nightcrawler = Kurt Wagner,Nightcrawler,Non-Costume,160,3,4
Nightcrawler = Kurt Wagner,Nightcrawler,Non-Costume,161,3,7
Nightcrawler = Kurt Wagner,Nightcrawler,Non-Costume,162,3,6
Nightcrawler = Kurt Wagner,Nightcrawler,Non-Costume,163,3,4
Nightcrawler = Kurt Wagner,Nightcrawler,Non-Costume,164,3,0
Nightcrawler = Kurt Wagner,Nightcrawler,Non-Costume,165,3,13
Nightcrawler = Kurt Wagner,Nightcrawler,Non-Costume,166,3,2
Nightcrawler = Kurt Wagner,Nightcrawler,Non-Costume,167,3,0
Nightcrawler = Kurt Wagner,Nightcrawler,Non-Costume,168,3,7
Nightcrawler = Kurt Wagner,Nightcrawler,Non-Costume,169,3,12
Nightcrawler = Kurt Wagner,Nightcrawler,Non-Costume,170,3,0
Nightcrawler = Kurt Wagner,Nightcrawler,Non-Costume,171,3,0
Nightcrawler = Kurt Wagner,Nightcrawler,Non-Costume,172,3,6
Nightcrawler = Kurt Wagner,Nightcrawler,Non-Costume,173,3,3
Nightcrawler = Kurt Wagner,Nightcrawler,Non-Costume,174,3,9
Nightcrawler = Kurt Wagner,Nightcrawler,Non-Costume,175,3,4
Nightcrawler = Kurt Wagner,Nightcrawler,Non-Costume,176,3,0
Nightcrawler = Kurt Wagner,Nightcrawler,Non-Costume,177,3,6
Nightcrawler = Kurt Wagner,Nightcrawler,Non-Costume,178,3,24
Nightcrawler = Kurt Wagner,Nightcrawler,Non-Costume,179,3,0
Nightcrawler = Kurt Wagner,Nightcrawler,Non-Costume,180,3,7
Nightcrawler = Kurt Wagner,Nightcrawler,Non-Costume,181,3,0
Nightcrawler = Kurt Wagner,Nightcrawler,Non-Costume,182,3,0
Nightcrawler = Kurt Wagner,Nightcrawler,Non-Costume,183,3,17
Nightcrawler = Kurt Wagner,Nightcrawler,Non-Costume,184,3,0
Nightcrawler = Kurt Wagner,Nightcrawler,Non-Costume,185,3,0
Nightcrawler = Kurt Wagner,Nightcrawler,Non-Costume,186,3,6
Nightcrawler = Kurt Wagner,Nightcrawler,Non-Costume,187,3,0
Nightcrawler = Kurt Wagner,Nightcrawler,Non-Costume,188,3,2
Nightcrawler = Kurt Wagner,Nightcrawler,Non-Costume,189,3,5
Nightcrawler = Kurt Wagner,Nightcrawler,Non-Costume,190,3,9
Nightcrawler = Kurt Wagner,Nightcrawler,Non-Costume,191,3,14
Nightcrawler = Kurt Wagner,Nightcrawler,Non-Costume,192,3,2
Nightcrawler = Kurt Wagner,Nightcrawler,Non-Costume,193,3,5
Nightcrawler = Kurt Wagner,Nightcrawler,Non-Costume,194,3,5
Nightcrawler = Kurt Wagner,Nightcrawler,Non-Costume,195,3,0
Nightcrawler = Kurt Wagner,Nightcrawler,Non-Costume,196,3,0
Nightcrawler = Kurt Wagner,Nightcrawler,Non-Costume,197,3,0
Nightcrawler = Kurt Wagner,Nightcrawler,Non-Costume,198,3,0
Nightcrawler = Kurt Wagner,Nightcrawler,Non-Costume,199,3,1
Nightcrawler = Kurt Wagner,Nightcrawler,Non-Costume,200,3,0
Nightcrawler = Kurt Wagner,Nightcrawler,Non-Costume,201,3,0
Nightcrawler = Kurt Wagner,Nightcrawler,Non-Costume,202,3,0
Nightcrawler = Kurt Wagner,Nightcrawler,Non-Costume,203,3,0
Nightcrawler = Kurt Wagner,Nightcrawler,Non-Costume,204,3,0
Nightcrawler = Kurt Wagner,Nightcrawler,Non-Costume,205,3,0
Nightcrawler = Kurt Wagner,Nightcrawler,Non-Costume,206,3,7
Nightcrawler = Kurt Wagner,Nightcrawler,Non-Costume,207,3,0
Nightcrawler = Kurt Wagner,Nightcrawler,Non-Costume,208,3,0
Nightcrawler = Kurt Wagner,Nightcrawler,Non-Costume,209,3,0
Nightcrawler = Kurt Wagner,Nightcrawler,Non-Costume,210,3,11
Nightcrawler = Kurt Wagner,Nightcrawler,Non-Costume,211,3,0
Nightcrawler = Kurt Wagner,Nightcrawler,Non-Costume,212,3,3
Nightcrawler = Kurt Wagner,Nightcrawler,Non-Costume,213,3,1
Nightcrawler = Kurt Wagner,Nightcrawler,Non-Costume,214,3,0
Nightcrawler = Kurt Wagner,Nightcrawler,Non-Costume,215,3,2
Nightcrawler = Kurt Wagner,Nightcrawler,Non-Costume,216,3,0
Nightcrawler = Kurt Wagner,Nightcrawler,Non-Costume,217,3,0
Nightcrawler = Kurt Wagner,Nightcrawler,Non-Costume,218,3,0
Nightcrawler = Kurt Wagner,Nightcrawler,Non-Costume,219,3,0
Nightcrawler = Kurt Wagner,Nightcrawler,Non-Costume,220,3,0
Nightcrawler = Kurt Wagner,Nightcrawler,Non-Costume,221,3,0
Nightcrawler = Kurt Wagner,Nightcrawler,Non-Costume,222,3,0
Nightcrawler = Kurt Wagner,Nightcrawler,Non-Costume,223,3,0
Nightcrawler = Kurt Wagner,Nightcrawler,Non-Costume,224,3,0
Nightcrawler = Kurt Wagner,Nightcrawler,Non-Costume,225,3,0
Nightcrawler = Kurt Wagner,Nightcrawler,Non-Costume,226,3,0
Nightcrawler = Kurt Wagner,Nightcrawler,Non-Costume,227,3,4
Nightcrawler = Kurt Wagner,Nightcrawler,Non-Costume,228,3,0
Nightcrawler = Kurt Wagner,Nightcrawler,Non-Costume,229,3,0
Nightcrawler = Kurt Wagner,Nightcrawler,Non-Costume,230,3,0
Nightcrawler = Kurt Wagner,Nightcrawler,Non-Costume,231,3,0
Nightcrawler = Kurt Wagner,Nightcrawler,Non-Costume,232,3,0
Nightcrawler = Kurt Wagner,Nightcrawler,Non-Costume,233,3,0
Nightcrawler = Kurt Wagner,Nightcrawler,Non-Costume,234,3,0
Nightcrawler = Kurt Wagner,Nightcrawler,Non-Costume,235,3,0
Nightcrawler = Kurt Wagner,Nightcrawler,Non-Costume,236,3,0
Nightcrawler = Kurt Wagner,Nightcrawler,Non-Costume,237,3,0
Nightcrawler = Kurt Wagner,Nightcrawler,Non-Costume,238,3,0
Nightcrawler = Kurt Wagner,Nightcrawler,Non-Costume,239,3,0
Nightcrawler = Kurt Wagner,Nightcrawler,Non-Costume,240,3,0
Nightcrawler = Kurt Wagner,Nightcrawler,Non-Costume,241,3,0
Nightcrawler = Kurt Wagner,Nightcrawler,Non-Costume,242,3,0
Nightcrawler = Kurt Wagner,Nightcrawler,Non-Costume,243,3,0
Nightcrawler = Kurt Wagner,Nightcrawler,Non-Costume,244,3,0
Nightcrawler = Kurt Wagner,Nightcrawler,Non-Costume,245,3,0
Nightcrawler = Kurt Wagner,Nightcrawler,Non-Costume,246,3,0
Nightcrawler = Kurt Wagner,Nightcrawler,Non-Costume,247,3,0
Nightcrawler = Kurt Wagner,Nightcrawler,Non-Costume,248,3,0
Nightcrawler = Kurt Wagner,Nightcrawler,Non-Costume,249,3,0
Nightcrawler = Kurt Wagner,Nightcrawler,Non-Costume,250,3,0
Nightcrawler = Kurt Wagner,Nightcrawler,Non-Costume,251,3,0
Nightcrawler = Kurt Wagner,Nightcrawler,Non-Costume,252,3,0
Nightcrawler = Kurt Wagner,Nightcrawler,Non-Costume,253,3,0
Nightcrawler = Kurt Wagner,Nightcrawler,Non-Costume,254,3,0
Nightcrawler = Kurt Wagner,Nightcrawler,Non-Costume,255,3,0
Nightcrawler = Kurt Wagner,Nightcrawler,Non-Costume,256,3,0
Nightcrawler = Kurt Wagner,Nightcrawler,Non-Costume,257,3,0
Nightcrawler = Kurt Wagner,Nightcrawler,Non-Costume,258,3,0
Nightcrawler = Kurt Wagner,Nightcrawler,Non-Costume,259,3,0
Nightcrawler = Kurt Wagner,Nightcrawler,Non-Costume,260,3,0
Nightcrawler = Kurt Wagner,Nightcrawler,Non-Costume,261,3,0
Nightcrawler = Kurt Wagner,Nightcrawler,Non-Costume,262,3,0
Nightcrawler = Kurt Wagner,Nightcrawler,Non-Costume,263,3,0
Nightcrawler = Kurt Wagner,Nightcrawler,Non-Costume,264,3,0
Nightcrawler = Kurt Wagner,Nightcrawler,Non-Costume,265,3,0
Nightcrawler = Kurt Wagner,Nightcrawler,Non-Costume,266,3,0
Nightcrawler = Kurt Wagner,Nightcrawler,Non-Costume,267,3,0
Nightcrawler = Kurt Wagner,Nightcrawler,Non-Costume,268,3,0
Nightcrawler = Kurt Wagner,Nightcrawler,Non-Costume,269,3,0
Nightcrawler = Kurt Wagner,Nightcrawler,Non-Costume,270,3,0
Nightcrawler = Kurt Wagner,Nightcrawler,Non-Costume,271,3,0
Nightcrawler = Kurt Wagner,Nightcrawler,Non-Costume,272,3,0
Nightcrawler = Kurt Wagner,Nightcrawler,Non-Costume,273,3,0
Nightcrawler = Kurt Wagner,Nightcrawler,Non-Costume,274,3,0
Nightcrawler = Kurt Wagner,Nightcrawler,Non-Costume,275,3,0
Nightcrawler = Kurt Wagner,Nightcrawler,Non-Costume,276,3,0
Nightcrawler = Kurt Wagner,Nightcrawler,Non-Costume,277,3,0
Nightcrawler = Kurt Wagner,Nightcrawler,Non-Costume,278,3,0
Nightcrawler = Kurt Wagner,Nightcrawler,Non-Costume,279,3,0
Nightcrawler = Kurt Wagner,Nightcrawler,Non-Costume,280,3,0
Storm = Ororo Munroe,Storm,Costume,97,5,9
Storm = Ororo Munroe,Storm,Costume,98,5,13
Storm = Ororo Munroe,Storm,Costume,99,5,19
Storm = Ororo Munroe,Storm,Costume,100,5,13
Storm = Ororo Munroe,Storm,Costume,101,5,8
Storm = Ororo Munroe,Storm,Costume,102,5,21
Storm = Ororo Munroe,Storm,Costume,103,5,22
Storm = Ororo Munroe,Storm,Costume,104,5,19
Storm = Ororo Munroe,Storm,Costume,105,5,12
Storm = Ororo Munroe,Storm,Costume,106,5,0
Storm = Ororo Munroe,Storm,Costume,107,5,7
Storm = Ororo Munroe,Storm,Costume,108,5,17
Storm = Ororo Munroe,Storm,Costume,109,5,11
Storm = Ororo Munroe,Storm,Costume,110,5,16
Storm = Ororo Munroe,Storm,Costume,111,5,4
Storm = Ororo Munroe,Storm,Costume,112,5,12
Storm = Ororo Munroe,Storm,Costume,113,5,25
Storm = Ororo Munroe,Storm,Costume,114,5,10
Storm = Ororo Munroe,Storm,Costume,115,5,7
Storm = Ororo Munroe,Storm,Costume,116,5,36
Storm = Ororo Munroe,Storm,Costume,117,5,6
Storm = Ororo Munroe,Storm,Costume,118,5,16
Storm = Ororo Munroe,Storm,Costume,119,5,10
Storm = Ororo Munroe,Storm,Costume,120,5,3
Storm = Ororo Munroe,Storm,Costume,121,5,30
Storm = Ororo Munroe,Storm,Costume,122,5,6
Storm = Ororo Munroe,Storm,Costume,123,5,13
Storm = Ororo Munroe,Storm,Costume,124,5,26
Storm = Ororo Munroe,Storm,Costume,125,5,13
Storm = Ororo Munroe,Storm,Costume,126,5,21
Storm = Ororo Munroe,Storm,Costume,127,5,20
Storm = Ororo Munroe,Storm,Costume,128,5,15
Storm = Ororo Munroe,Storm,Costume,129,5,15
Storm = Ororo Munroe,Storm,Costume,130,5,2
Storm = Ororo Munroe,Storm,Costume,131,5,1
Storm = Ororo Munroe,Storm,Costume,132,5,18
Storm = Ororo Munroe,Storm,Costume,133,5,6
Storm = Ororo Munroe,Storm,Costume,134,5,16
Storm = Ororo Munroe,Storm,Costume,135,5,16
Storm = Ororo Munroe,Storm,Costume,136,5,11
Storm = Ororo Munroe,Storm,Costume,137,5,31
Storm = Ororo Munroe,Storm,Costume,138,5,4
Storm = Ororo Munroe,Storm,Costume,139,5,9
Storm = Ororo Munroe,Storm,Costume,140,5,0
Storm = Ororo Munroe,Storm,Costume,141,5,16
Storm = Ororo Munroe,Storm,Costume,142,5,22
Storm = Ororo Munroe,Storm,Costume,143,5,7
Storm = Ororo Munroe,Storm,Costume,144,5,4
Storm = Ororo Munroe,Storm,Costume,145,5,34
Storm = Ororo Munroe,Storm,Costume,146,5,0
Storm = Ororo Munroe,Storm,Costume,147,5,2
Storm = Ororo Munroe,Storm,Costume,148,5,18
Storm = Ororo Munroe,Storm,Costume,149,5,43
Storm = Ororo Munroe,Storm,Costume,150,5,52
Storm = Ororo Munroe,Storm,Costume,151,5,8
Storm = Ororo Munroe,Storm,Costume,152,5,18
Storm = Ororo Munroe,Storm,Costume,153,5,2
Storm = Ororo Munroe,Storm,Costume,154,5,42
Storm = Ororo Munroe,Storm,Costume,155,5,34
Storm = Ororo Munroe,Storm,Costume,156,5,24
Storm = Ororo Munroe,Storm,Costume,157,5,1
Storm = Ororo Munroe,Storm,Costume,158,5,32
Storm = Ororo Munroe,Storm,Costume,159,5,26
Storm = Ororo Munroe,Storm,Costume,160,5,27
Storm = Ororo Munroe,Storm,Costume,161,5,0
Storm = Ororo Munroe,Storm,Costume,162,5,0
Storm = Ororo Munroe,Storm,Costume,163,5,1
Storm = Ororo Munroe,Storm,Costume,164,5,22
Storm = Ororo Munroe,Storm,Costume,165,5,3
Storm = Ororo Munroe,Storm,Costume,166,5,24
Storm = Ororo Munroe,Storm,Costume,167,5,16
Storm = Ororo Munroe,Storm,Costume,168,5,0
Storm = Ororo Munroe,Storm,Costume,169,5,34
Storm = Ororo Munroe,Storm,Costume,170,5,42
Storm = Ororo Munroe,Storm,Costume,171,5,19
Storm = Ororo Munroe,Storm,Costume,172,5,24
Storm = Ororo Munroe,Storm,Costume,173,5,7
Storm = Ororo Munroe,Storm,Costume,174,5,5
Storm = Ororo Munroe,Storm,Costume,175,5,24
Storm = Ororo Munroe,Storm,Costume,176,5,1
Storm = Ororo Munroe,Storm,Costume,177,5,5
Storm = Ororo Munroe,Storm,Costume,178,5,16
Storm = Ororo Munroe,Storm,Costume,179,5,13
Storm = Ororo Munroe,Storm,Costume,180,5,33
Storm = Ororo Munroe,Storm,Costume,181,5,25
Storm = Ororo Munroe,Storm,Costume,182,5,0
Storm = Ororo Munroe,Storm,Costume,183,5,0
Storm = Ororo Munroe,Storm,Costume,184,5,6
Storm = Ororo Munroe,Storm,Costume,185,5,36
Storm = Ororo Munroe,Storm,Costume,186,5,9
Storm = Ororo Munroe,Storm,Costume,187,5,0
Storm = Ororo Munroe,Storm,Costume,188,5,0
Storm = Ororo Munroe,Storm,Costume,189,5,0
Storm = Ororo Munroe,Storm,Costume,190,5,0
Storm = Ororo Munroe,Storm,Costume,191,5,1
Storm = Ororo Munroe,Storm,Costume,192,5,2
Storm = Ororo Munroe,Storm,Costume,193,5,0
Storm = Ororo Munroe,Storm,Costume,194,5,0
Storm = Ororo Munroe,Storm,Costume,195,5,0
Storm = Ororo Munroe,Storm,Costume,196,5,0
Storm = Ororo Munroe,Storm,Costume,197,5,0
Storm = Ororo Munroe,Storm,Costume,198,5,0
Storm = Ororo Munroe,Storm,Costume,199,5,0
Storm = Ororo Munroe,Storm,Costume,200,5,16
Storm = Ororo Munroe,Storm,Costume,201,5,39
Storm = Ororo Munroe,Storm,Costume,202,5,11
Storm = Ororo Munroe,Storm,Costume,203,5,9
Storm = Ororo Munroe,Storm,Costume,204,5,0
Storm = Ororo Munroe,Storm,Costume,205,5,0
Storm = Ororo Munroe,Storm,Costume,206,5,43
Storm = Ororo Munroe,Storm,Costume,207,5,6
Storm = Ororo Munroe,Storm,Costume,208,5,18
Storm = Ororo Munroe,Storm,Costume,209,5,29
Storm = Ororo Munroe,Storm,Costume,210,5,5
Storm = Ororo Munroe,Storm,Costume,211,5,29
Storm = Ororo Munroe,Storm,Costume,212,5,25
Storm = Ororo Munroe,Storm,Costume,213,5,24
Storm = Ororo Munroe,Storm,Costume,214,5,53
Storm = Ororo Munroe,Storm,Costume,215,5,24
Storm = Ororo Munroe,Storm,Costume,216,5,63
Storm = Ororo Munroe,Storm,Costume,217,5,0
Storm = Ororo Munroe,Storm,Costume,218,5,0
Storm = Ororo Munroe,Storm,Costume,219,5,9
Storm = Ororo Munroe,Storm,Costume,220,5,62
Storm = Ororo Munroe,Storm,Costume,221,5,7
Storm = Ororo Munroe,Storm,Costume,222,5,41
Storm = Ororo Munroe,Storm,Costume,223,5,47
Storm = Ororo Munroe,Storm,Costume,224,5,0
Storm = Ororo Munroe,Storm,Costume,225,5,0
Storm = Ororo Munroe,Storm,Costume,226,5,0
Storm = Ororo Munroe,Storm,Costume,227,5,0
Storm = Ororo Munroe,Storm,Costume,228,5,0
Storm = Ororo Munroe,Storm,Costume,229,5,0
Storm = Ororo Munroe,Storm,Costume,230,5,21
Storm = Ororo Munroe,Storm,Costume,231,5,0
Storm = Ororo Munroe,Storm,Costume,232,5,9
Storm = Ororo Munroe,Storm,Costume,233,5,28
Storm = Ororo Munroe,Storm,Costume,234,5,7
Storm = Ororo Munroe,Storm,Costume,235,5,7
Storm = Ororo Munroe,Storm,Costume,236,5,8
Storm = Ororo Munroe,Storm,Costume,237,5,10
Storm = Ororo Munroe,Storm,Costume,238,5,12
Storm = Ororo Munroe,Storm,Costume,239,5,0
Storm = Ororo Munroe,Storm,Costume,240,5,2
Storm = Ororo Munroe,Storm,Costume,241,5,11
Storm = Ororo Munroe,Storm,Costume,242,5,32
Storm = Ororo Munroe,Storm,Costume,243,5,43
Storm = Ororo Munroe,Storm,Costume,244,5,0
Storm = Ororo Munroe,Storm,Costume,245,5,9
Storm = Ororo Munroe,Storm,Costume,246,5,0
Storm = Ororo Munroe,Storm,Costume,247,5,18
Storm = Ororo Munroe,Storm,Costume,248,5,25
Storm = Ororo Munroe,Storm,Costume,249,5,1
Storm = Ororo Munroe,Storm,Costume,250,5,0
Storm = Ororo Munroe,Storm,Costume,251,5,0
Storm = Ororo Munroe,Storm,Costume,252,5,0
Storm = Ororo Munroe,Storm,Costume,253,5,0
Storm = Ororo Munroe,Storm,Costume,254,5,0
Storm = Ororo Munroe,Storm,Costume,255,5,7
Storm = Ororo Munroe,Storm,Costume,256,5,0
Storm = Ororo Munroe,Storm,Costume,257,5,0
Storm = Ororo Munroe,Storm,Costume,258,5,0
Storm = Ororo Munroe,Storm,Costume,259,5,0
Storm = Ororo Munroe,Storm,Costume,260,5,0
Storm = Ororo Munroe,Storm,Costume,261,5,0
Storm = Ororo Munroe,Storm,Costume,262,5,0
Storm = Ororo Munroe,Storm,Costume,263,5,0
Storm = Ororo Munroe,Storm,Costume,264,5,0
Storm = Ororo Munroe,Storm,Costume,265,5,0
Storm = Ororo Munroe,Storm,Costume,266,5,0
Storm = Ororo Munroe,Storm,Costume,267,5,4
Storm = Ororo Munroe,Storm,Costume,268,5,0
Storm = Ororo Munroe,Storm,Costume,269,5,0
Storm = Ororo Munroe,Storm,Costume,270,5,21
Storm = Ororo Munroe,Storm,Costume,271,5,0
Storm = Ororo Munroe,Storm,Costume,272,5,0
Storm = Ororo Munroe,Storm,Costume,273,5,24
Storm = Ororo Munroe,Storm,Costume,274,5,5
Storm = Ororo Munroe,Storm,Costume,275,5,15
Storm = Ororo Munroe,Storm,Costume,276,5,5
Storm = Ororo Munroe,Storm,Costume,277,5,22
Storm = Ororo Munroe,Storm,Costume,278,5,15
Storm = Ororo Munroe,Storm,Costume,279,5,0
Storm = Ororo Munroe,Storm,Costume,280,5,14
Storm = Ororo Munroe,Storm,Non-Costume,97,5,11
Storm = Ororo Munroe,Storm,Non-Costume,98,5,6
Storm = Ororo Munroe,Storm,Non-Costume,99,5,0
Storm = Ororo Munroe,Storm,Non-Costume,100,5,0
Storm = Ororo Munroe,Storm,Non-Costume,101,5,29
Storm = Ororo Munroe,Storm,Non-Costume,102,5,15
Storm = Ororo Munroe,Storm,Non-Costume,103,5,0
Storm = Ororo Munroe,Storm,Non-Costume,104,5,0
Storm = Ororo Munroe,Storm,Non-Costume,105,5,0
Storm = Ororo Munroe,Storm,Non-Costume,106,5,0
Storm = Ororo Munroe,Storm,Non-Costume,107,5,0
Storm = Ororo Munroe,Storm,Non-Costume,108,5,0
Storm = Ororo Munroe,Storm,Non-Costume,109,5,16
Storm = Ororo Munroe,Storm,Non-Costume,110,5,13
Storm = Ororo Munroe,Storm,Non-Costume,111,5,1
Storm = Ororo Munroe,Storm,Non-Costume,112,5,0
Storm = Ororo Munroe,Storm,Non-Costume,113,5,3
Storm = Ororo Munroe,Storm,Non-Costume,114,5,16
Storm = Ororo Munroe,Storm,Non-Costume,115,5,6
Storm = Ororo Munroe,Storm,Non-Costume,116,5,0
Storm = Ororo Munroe,Storm,Non-Costume,117,5,8
Storm = Ororo Munroe,Storm,Non-Costume,118,5,4
Storm = Ororo Munroe,Storm,Non-Costume,119,5,7
Storm = Ororo Munroe,Storm,Non-Costume,120,5,16
Storm = Ororo Munroe,Storm,Non-Costume,121,5,3
Storm = Ororo Munroe,Storm,Non-Costume,122,5,17
Storm = Ororo Munroe,Storm,Non-Costume,123,5,5
Storm = Ororo Munroe,Storm,Non-Costume,124,5,0
Storm = Ororo Munroe,Storm,Non-Costume,125,5,0
Storm = Ororo Munroe,Storm,Non-Costume,126,5,0
Storm = Ororo Munroe,Storm,Non-Costume,127,5,0
Storm = Ororo Munroe,Storm,Non-Costume,128,5,0
Storm = Ororo Munroe,Storm,Non-Costume,129,5,6
Storm = Ororo Munroe,Storm,Non-Costume,130,5,7
Storm = Ororo Munroe,Storm,Non-Costume,131,5,13
Storm = Ororo Munroe,Storm,Non-Costume,132,5,4
Storm = Ororo Munroe,Storm,Non-Costume,133,5,4
Storm = Ororo Munroe,Storm,Non-Costume,134,5,1
Storm = Ororo Munroe,Storm,Non-Costume,135,5,0
Storm = Ororo Munroe,Storm,Non-Costume,136,5,0
Storm = Ororo Munroe,Storm,Non-Costume,137,5,3
Storm = Ororo Munroe,Storm,Non-Costume,138,5,2
Storm = Ororo Munroe,Storm,Non-Costume,139,5,8
Storm = Ororo Munroe,Storm,Non-Costume,140,5,9
Storm = Ororo Munroe,Storm,Non-Costume,141,5,10
Storm = Ororo Munroe,Storm,Non-Costume,142,5,20
Storm = Ororo Munroe,Storm,Non-Costume,143,5,7
Storm = Ororo Munroe,Storm,Non-Costume,144,5,0
Storm = Ororo Munroe,Storm,Non-Costume,145,5,18
Storm = Ororo Munroe,Storm,Non-Costume,146,5,6
Storm = Ororo Munroe,Storm,Non-Costume,147,5,25
Storm = Ororo Munroe,Storm,Non-Costume,148,5,9
Storm = Ororo Munroe,Storm,Non-Costume,149,5,7
Storm = Ororo Munroe,Storm,Non-Costume,150,5,0
Storm = Ororo Munroe,Storm,Non-Costume,151,5,48
Storm = Ororo Munroe,Storm,Non-Costume,152,5,29
Storm = Ororo Munroe,Storm,Non-Costume,153,5,14
Storm = Ororo Munroe,Storm,Non-Costume,154,5,7
Storm = Ororo Munroe,Storm,Non-Costume,155,5,12
Storm = Ororo Munroe,Storm,Non-Costume,156,5,2
Storm = Ororo Munroe,Storm,Non-Costume,157,5,2
Storm = Ororo Munroe,Storm,Non-Costume,158,5,6
Storm = Ororo Munroe,Storm,Non-Costume,159,5,39
Storm = Ororo Munroe,Storm,Non-Costume,160,5,26
Storm = Ororo Munroe,Storm,Non-Costume,161,5,16
Storm = Ororo Munroe,Storm,Non-Costume,162,5,9
Storm = Ororo Munroe,Storm,Non-Costume,163,5,11
Storm = Ororo Munroe,Storm,Non-Costume,164,5,0
Storm = Ororo Munroe,Storm,Non-Costume,165,5,29
Storm = Ororo Munroe,Storm,Non-Costume,166,5,4
Storm = Ororo Munroe,Storm,Non-Costume,167,5,0
Storm = Ororo Munroe,Storm,Non-Costume,168,5,7
Storm = Ororo Munroe,Storm,Non-Costume,169,5,0
Storm = Ororo Munroe,Storm,Non-Costume,170,5,0
Storm = Ororo Munroe,Storm,Non-Costume,171,5,27
Storm = Ororo Munroe,Storm,Non-Costume,172,5,16
Storm = Ororo Munroe,Storm,Non-Costume,173,5,10
Storm = Ororo Munroe,Storm,Non-Costume,174,5,0
Storm = Ororo Munroe,Storm,Non-Costume,175,5,12
Storm = Ororo Munroe,Storm,Non-Costume,176,5,0
Storm = Ororo Munroe,Storm,Non-Costume,177,5,0
Storm = Ororo Munroe,Storm,Non-Costume,178,5,0
Storm = Ororo Munroe,Storm,Non-Costume,179,5,10
Storm = Ororo Munroe,Storm,Non-Costume,180,5,27
Storm = Ororo Munroe,Storm,Non-Costume,181,5,0
Storm = Ororo Munroe,Storm,Non-Costume,182,5,0
Storm = Ororo Munroe,Storm,Non-Costume,183,5,15
Storm = Ororo Munroe,Storm,Non-Costume,184,5,0
Storm = Ororo Munroe,Storm,Non-Costume,185,5,6
Storm = Ororo Munroe,Storm,Non-Costume,186,5,121
Storm = Ororo Munroe,Storm,Non-Costume,187,5,81
Storm = Ororo Munroe,Storm,Non-Costume,188,5,36
Storm = Ororo Munroe,Storm,Non-Costume,189,5,5
Storm = Ororo Munroe,Storm,Non-Costume,190,5,44
Storm = Ororo Munroe,Storm,Non-Costume,191,5,33
Storm = Ororo Munroe,Storm,Non-Costume,192,5,8
Storm = Ororo Munroe,Storm,Non-Costume,193,5,6
Storm = Ororo Munroe,Storm,Non-Costume,194,5,12
Storm = Ororo Munroe,Storm,Non-Costume,195,5,0
Storm = Ororo Munroe,Storm,Non-Costume,196,5,7
Storm = Ororo Munroe,Storm,Non-Costume,197,5,7
Storm = Ororo Munroe,Storm,Non-Costume,198,5,143
Storm = Ororo Munroe,Storm,Non-Costume,199,5,1
Storm = Ororo Munroe,Storm,Non-Costume,200,5,0
Storm = Ororo Munroe,Storm,Non-Costume,201,5,0
Storm = Ororo Munroe,Storm,Non-Costume,202,5,6
Storm = Ororo Munroe,Storm,Non-Costume,203,5,15
Storm = Ororo Munroe,Storm,Non-Costume,204,5,0
Storm = Ororo Munroe,Storm,Non-Costume,205,5,0
Storm = Ororo Munroe,Storm,Non-Costume,206,5,0
Storm = Ororo Munroe,Storm,Non-Costume,207,5,0
Storm = Ororo Munroe,Storm,Non-Costume,208,5,0
Storm = Ororo Munroe,Storm,Non-Costume,209,5,0
Storm = Ororo Munroe,Storm,Non-Costume,210,5,0
Storm = Ororo Munroe,Storm,Non-Costume,211,5,0
Storm = Ororo Munroe,Storm,Non-Costume,212,5,18
Storm = Ororo Munroe,Storm,Non-Costume,213,5,1
Storm = Ororo Munroe,Storm,Non-Costume,214,5,0
Storm = Ororo Munroe,Storm,Non-Costume,215,5,54
Storm = Ororo Munroe,Storm,Non-Costume,216,5,5
Storm = Ororo Munroe,Storm,Non-Costume,217,5,0
Storm = Ororo Munroe,Storm,Non-Costume,218,5,0
Storm = Ororo Munroe,Storm,Non-Costume,219,5,0
Storm = Ororo Munroe,Storm,Non-Costume,220,5,33
Storm = Ororo Munroe,Storm,Non-Costume,221,5,0
Storm = Ororo Munroe,Storm,Non-Costume,222,5,0
Storm = Ororo Munroe,Storm,Non-Costume,223,5,0
Storm = Ororo Munroe,Storm,Non-Costume,224,5,59
Storm = Ororo Munroe,Storm,Non-Costume,225,5,0
Storm = Ororo Munroe,Storm,Non-Costume,226,5,67
Storm = Ororo Munroe,Storm,Non-Costume,227,5,16
Storm = Ororo Munroe,Storm,Non-Costume,228,5,0
Storm = Ororo Munroe,Storm,Non-Costume,229,5,15
Storm = Ororo Munroe,Storm,Non-Costume,230,5,3
Storm = Ororo Munroe,Storm,Non-Costume,231,5,10
Storm = Ororo Munroe,Storm,Non-Costume,232,5,1
Storm = Ororo Munroe,Storm,Non-Costume,233,5,0
Storm = Ororo Munroe,Storm,Non-Costume,234,5,0
Storm = Ororo Munroe,Storm,Non-Costume,235,5,6
Storm = Ororo Munroe,Storm,Non-Costume,236,5,0
Storm = Ororo Munroe,Storm,Non-Costume,237,5,0
Storm = Ororo Munroe,Storm,Non-Costume,238,5,0
Storm = Ororo Munroe,Storm,Non-Costume,239,5,12
Storm = Ororo Munroe,Storm,Non-Costume,240,5,2
Storm = Ororo Munroe,Storm,Non-Costume,241,5,0
Storm = Ororo Munroe,Storm,Non-Costume,242,5,0
Storm = Ororo Munroe,Storm,Non-Costume,243,5,0
Storm = Ororo Munroe,Storm,Non-Costume,244,5,36
Storm = Ororo Munroe,Storm,Non-Costume,245,5,6
Storm = Ororo Munroe,Storm,Non-Costume,246,5,8
Storm = Ororo Munroe,Storm,Non-Costume,247,5,0
Storm = Ororo Munroe,Storm,Non-Costume,248,5,0
Storm = Ororo Munroe,Storm,Non-Costume,249,5,0
Storm = Ororo Munroe,Storm,Non-Costume,250,5,0
Storm = Ororo Munroe,Storm,Non-Costume,251,5,0
Storm = Ororo Munroe,Storm,Non-Costume,252,5,0
Storm = Ororo Munroe,Storm,Non-Costume,253,5,19
Storm = Ororo Munroe,Storm,Non-Costume,254,5,0
Storm = Ororo Munroe,Storm,Non-Costume,255,5,0
Storm = Ororo Munroe,Storm,Non-Costume,256,5,0
Storm = Ororo Munroe,Storm,Non-Costume,257,5,5
Storm = Ororo Munroe,Storm,Non-Costume,258,5,0
Storm = Ororo Munroe,Storm,Non-Costume,259,5,0
Storm = Ororo Munroe,Storm,Non-Costume,260,5,0
Storm = Ororo Munroe,Storm,Non-Costume,261,5,0
Storm = Ororo Munroe,Storm,Non-Costume,262,5,0
Storm = Ororo Munroe,Storm,Non-Costume,263,5,0
Storm = Ororo Munroe,Storm,Non-Costume,264,5,0
Storm = Ororo Munroe,Storm,Non-Costume,265,5,47
Storm = Ororo Munroe,Storm,Non-Costume,266,5,66
Storm = Ororo Munroe,Storm,Non-Costume,267,5,57
Storm = Ororo Munroe,Storm,Non-Costume,268,5,0
Storm = Ororo Munroe,Storm,Non-Costume,269,5,0
Storm = Ororo Munroe,Storm,Non-Costume,270,5,32
Storm = Ororo Munroe,Storm,Non-Costume,271,5,10
Storm = Ororo Munroe,Storm,Non-Costume,272,5,14
Storm = Ororo Munroe,Storm,Non-Costume,273,5,0
Storm = Ororo Munroe,Storm,Non-Costume,274,5,0
Storm = Ororo Munroe,Storm,Non-Costume,275,5,2
Storm = Ororo Munroe,Storm,Non-Costume,276,5,17
Storm = Ororo Munroe,Storm,Non-Costume,277,5,0
Storm = Ororo Munroe,Storm,Non-Costume,278,5,0
Storm = Ororo Munroe,Storm,Non-Costume,279,5,0
Storm = Ororo Munroe,Storm,Non-Costume,280,5,0
Wolverine = Logan,Wolverine,Costume,97,1,10
Wolverine = Logan,Wolverine,Costume,98,1,19
Wolverine = Logan,Wolverine,Costume,99,1,5
Wolverine = Logan,Wolverine,Costume,100,1,25
Wolverine = Logan,Wolverine,Costume,101,1,5
Wolverine = Logan,Wolverine,Costume,102,1,16
Wolverine = Logan,Wolverine,Costume,103,1,22
Wolverine = Logan,Wolverine,Costume,104,1,18
Wolverine = Logan,Wolverine,Costume,105,1,13
Wolverine = Logan,Wolverine,Costume,106,1,0
Wolverine = Logan,Wolverine,Costume,107,1,6
Wolverine = Logan,Wolverine,Costume,108,1,2
Wolverine = Logan,Wolverine,Costume,109,1,21
Wolverine = Logan,Wolverine,Costume,110,1,43
Wolverine = Logan,Wolverine,Costume,111,1,13
Wolverine = Logan,Wolverine,Costume,112,1,17
Wolverine = Logan,Wolverine,Costume,113,1,10
Wolverine = Logan,Wolverine,Costume,114,1,15
Wolverine = Logan,Wolverine,Costume,115,1,30
Wolverine = Logan,Wolverine,Costume,116,1,39
Wolverine = Logan,Wolverine,Costume,117,1,5
Wolverine = Logan,Wolverine,Costume,118,1,19
Wolverine = Logan,Wolverine,Costume,119,1,12
Wolverine = Logan,Wolverine,Costume,120,1,5
Wolverine = Logan,Wolverine,Costume,121,1,20
Wolverine = Logan,Wolverine,Costume,122,1,11
Wolverine = Logan,Wolverine,Costume,123,1,15
Wolverine = Logan,Wolverine,Costume,124,1,26
Wolverine = Logan,Wolverine,Costume,125,1,11
Wolverine = Logan,Wolverine,Costume,126,1,26
Wolverine = Logan,Wolverine,Costume,127,1,30
Wolverine = Logan,Wolverine,Costume,128,1,27
Wolverine = Logan,Wolverine,Costume,129,1,14
Wolverine = Logan,Wolverine,Costume,130,1,2
Wolverine = Logan,Wolverine,Costume,131,1,1
Wolverine = Logan,Wolverine,Costume,132,1,21
Wolverine = Logan,Wolverine,Costume,133,1,27
Wolverine = Logan,Wolverine,Costume,134,1,15
Wolverine = Logan,Wolverine,Costume,135,1,14
Wolverine = Logan,Wolverine,Costume,136,1,16
Wolverine = Logan,Wolverine,Costume,137,1,37
Wolverine = Logan,Wolverine,Costume,138,1,3
Wolverine = Logan,Wolverine,Costume,139,1,36
Wolverine = Logan,Wolverine,Costume,140,1,35
Wolverine = Logan,Wolverine,Costume,141,1,13
Wolverine = Logan,Wolverine,Costume,142,1,23
Wolverine = Logan,Wolverine,Costume,143,1,0
Wolverine = Logan,Wolverine,Costume,144,1,5
Wolverine = Logan,Wolverine,Costume,145,1,18
Wolverine = Logan,Wolverine,Costume,146,1,4
Wolverine = Logan,Wolverine,Costume,147,1,33
Wolverine = Logan,Wolverine,Costume,148,1,9
Wolverine = Logan,Wolverine,Costume,149,1,35
Wolverine = Logan,Wolverine,Costume,150,1,57
Wolverine = Logan,Wolverine,Costume,151,1,25
Wolverine = Logan,Wolverine,Costume,152,1,30
Wolverine = Logan,Wolverine,Costume,153,1,2
Wolverine = Logan,Wolverine,Costume,154,1,4
Wolverine = Logan,Wolverine,Costume,155,1,28
Wolverine = Logan,Wolverine,Costume,156,1,12
Wolverine = Logan,Wolverine,Costume,157,1,0
Wolverine = Logan,Wolverine,Costume,158,1,22
Wolverine = Logan,Wolverine,Costume,159,1,22
Wolverine = Logan,Wolverine,Costume,160,1,41
Wolverine = Logan,Wolverine,Costume,161,1,0
Wolverine = Logan,Wolverine,Costume,162,1,0
Wolverine = Logan,Wolverine,Costume,163,1,1
Wolverine = Logan,Wolverine,Costume,164,1,17
Wolverine = Logan,Wolverine,Costume,165,1,26
Wolverine = Logan,Wolverine,Costume,166,1,63
Wolverine = Logan,Wolverine,Costume,167,1,20
Wolverine = Logan,Wolverine,Costume,168,1,0
Wolverine = Logan,Wolverine,Costume,169,1,0
Wolverine = Logan,Wolverine,Costume,170,1,0
Wolverine = Logan,Wolverine,Costume,171,1,0
Wolverine = Logan,Wolverine,Costume,172,1,15
Wolverine = Logan,Wolverine,Costume,173,1,47
Wolverine = Logan,Wolverine,Costume,174,1,6
Wolverine = Logan,Wolverine,Costume,175,1,30
Wolverine = Logan,Wolverine,Costume,176,1,10
Wolverine = Logan,Wolverine,Costume,177,1,0
Wolverine = Logan,Wolverine,Costume,178,1,20
Wolverine = Logan,Wolverine,Costume,179,1,8
Wolverine = Logan,Wolverine,Costume,180,1,0
Wolverine = Logan,Wolverine,Costume,181,1,22
Wolverine = Logan,Wolverine,Costume,182,1,0
Wolverine = Logan,Wolverine,Costume,183,1,0
Wolverine = Logan,Wolverine,Costume,184,1,0
Wolverine = Logan,Wolverine,Costume,185,1,0
Wolverine = Logan,Wolverine,Costume,186,1,0
Wolverine = Logan,Wolverine,Costume,187,1,0
Wolverine = Logan,Wolverine,Costume,188,1,0
Wolverine = Logan,Wolverine,Costume,189,1,0
Wolverine = Logan,Wolverine,Costume,190,1,0
Wolverine = Logan,Wolverine,Costume,191,1,0
Wolverine = Logan,Wolverine,Costume,192,1,3
Wolverine = Logan,Wolverine,Costume,193,1,46
Wolverine = Logan,Wolverine,Costume,194,1,0
Wolverine = Logan,Wolverine,Costume,195,1,25
Wolverine = Logan,Wolverine,Costume,196,1,0
Wolverine = Logan,Wolverine,Costume,197,1,0
Wolverine = Logan,Wolverine,Costume,198,1,0
Wolverine = Logan,Wolverine,Costume,199,1,13
Wolverine = Logan,Wolverine,Costume,200,1,16
Wolverine = Logan,Wolverine,Costume,201,1,5
Wolverine = Logan,Wolverine,Costume,202,1,17
Wolverine = Logan,Wolverine,Costume,203,1,2
Wolverine = Logan,Wolverine,Costume,204,1,0
Wolverine = Logan,Wolverine,Costume,205,1,0
Wolverine = Logan,Wolverine,Costume,206,1,0
Wolverine = Logan,Wolverine,Costume,207,1,9
Wolverine = Logan,Wolverine,Costume,208,1,22
Wolverine = Logan,Wolverine,Costume,209,1,18
Wolverine = Logan,Wolverine,Costume,210,1,0
Wolverine = Logan,Wolverine,Costume,211,1,24
Wolverine = Logan,Wolverine,Costume,212,1,47
Wolverine = Logan,Wolverine,Costume,213,1,42
Wolverine = Logan,Wolverine,Costume,214,1,18
Wolverine = Logan,Wolverine,Costume,215,1,5
Wolverine = Logan,Wolverine,Costume,216,1,22
Wolverine = Logan,Wolverine,Costume,217,1,0
Wolverine = Logan,Wolverine,Costume,218,1,0
Wolverine = Logan,Wolverine,Costume,219,1,0
Wolverine = Logan,Wolverine,Costume,220,1,14
Wolverine = Logan,Wolverine,Costume,221,1,15
Wolverine = Logan,Wolverine,Costume,222,1,24
Wolverine = Logan,Wolverine,Costume,223,1,15
Wolverine = Logan,Wolverine,Costume,224,1,6
Wolverine = Logan,Wolverine,Costume,225,1,20
Wolverine = Logan,Wolverine,Costume,226,1,39
Wolverine = Logan,Wolverine,Costume,227,1,27
Wolverine = Logan,Wolverine,Costume,228,1,38
Wolverine = Logan,Wolverine,Costume,229,1,15
Wolverine = Logan,Wolverine,Costume,230,1,18
Wolverine = Logan,Wolverine,Costume,231,1,9
Wolverine = Logan,Wolverine,Costume,232,1,22
Wolverine = Logan,Wolverine,Costume,233,1,13
Wolverine = Logan,Wolverine,Costume,234,1,21
Wolverine = Logan,Wolverine,Costume,235,1,16
Wolverine = Logan,Wolverine,Costume,236,1,0
Wolverine = Logan,Wolverine,Costume,237,1,0
Wolverine = Logan,Wolverine,Costume,238,1,0
Wolverine = Logan,Wolverine,Costume,239,1,0
Wolverine = Logan,Wolverine,Costume,240,1,5
Wolverine = Logan,Wolverine,Costume,241,1,16
Wolverine = Logan,Wolverine,Costume,242,1,22
Wolverine = Logan,Wolverine,Costume,243,1,38
Wolverine = Logan,Wolverine,Costume,244,1,0
Wolverine = Logan,Wolverine,Costume,245,1,12
Wolverine = Logan,Wolverine,Costume,246,1,0
Wolverine = Logan,Wolverine,Costume,247,1,0
Wolverine = Logan,Wolverine,Costume,248,1,0
Wolverine = Logan,Wolverine,Costume,249,1,0
Wolverine = Logan,Wolverine,Costume,250,1,0
Wolverine = Logan,Wolverine,Costume,251,1,0
Wolverine = Logan,Wolverine,Costume,252,1,0
Wolverine = Logan,Wolverine,Costume,253,1,0
Wolverine = Logan,Wolverine,Costume,254,1,0
Wolverine = Logan,Wolverine,Costume,255,1,0
Wolverine = Logan,Wolverine,Costume,256,1,0
Wolverine = Logan,Wolverine,Costume,257,1,16
Wolverine = Logan,Wolverine,Costume,258,1,0
Wolverine = Logan,Wolverine,Costume,259,1,0
Wolverine = Logan,Wolverine,Costume,260,1,0
Wolverine = Logan,Wolverine,Costume,261,1,6
Wolverine = Logan,Wolverine,Costume,262,1,0
Wolverine = Logan,Wolverine,Costume,263,1,0
Wolverine = Logan,Wolverine,Costume,264,1,0
Wolverine = Logan,Wolverine,Costume,265,1,0
Wolverine = Logan,Wolverine,Costume,266,1,0
Wolverine = Logan,Wolverine,Costume,267,1,0
Wolverine = Logan,Wolverine,Costume,268,1,25
Wolverine = Logan,Wolverine,Costume,269,1,0
Wolverine = Logan,Wolverine,Costume,270,1,0
Wolverine = Logan,Wolverine,Costume,271,1,29
Wolverine = Logan,Wolverine,Costume,272,1,27
Wolverine = Logan,Wolverine,Costume,273,1,15
Wolverine = Logan,Wolverine,Costume,274,1,5
Wolverine = Logan,Wolverine,Costume,275,1,13
Wolverine = Logan,Wolverine,Costume,276,1,0
Wolverine = Logan,Wolverine,Costume,277,1,0
Wolverine = Logan,Wolverine,Costume,278,1,9
Wolverine = Logan,Wolverine,Costume,279,1,19
Wolverine = Logan,Wolverine,Costume,280,1,17
Wolverine = Logan,Wolverine,Non-Costume,97,1,0
Wolverine = Logan,Wolverine,Non-Costume,98,1,12
Wolverine = Logan,Wolverine,Non-Costume,99,1,0
Wolverine = Logan,Wolverine,Non-Costume,100,1,0
Wolverine = Logan,Wolverine,Non-Costume,101,1,19
Wolverine = Logan,Wolverine,Non-Costume,102,1,0
Wolverine = Logan,Wolverine,Non-Costume,103,1,0
Wolverine = Logan,Wolverine,Non-Costume,104,1,0
Wolverine = Logan,Wolverine,Non-Costume,105,1,0
Wolverine = Logan,Wolverine,Non-Costume,106,1,0
Wolverine = Logan,Wolverine,Non-Costume,107,1,11
Wolverine = Logan,Wolverine,Non-Costume,108,1,5
Wolverine = Logan,Wolverine,Non-Costume,109,1,1
Wolverine = Logan,Wolverine,Non-Costume,110,1,6
Wolverine = Logan,Wolverine,Non-Costume,111,1,12
Wolverine = Logan,Wolverine,Non-Costume,112,1,0
Wolverine = Logan,Wolverine,Non-Costume,113,1,0
Wolverine = Logan,Wolverine,Non-Costume,114,1,7
Wolverine = Logan,Wolverine,Non-Costume,115,1,0
Wolverine = Logan,Wolverine,Non-Costume,116,1,0
Wolverine = Logan,Wolverine,Non-Costume,117,1,0
Wolverine = Logan,Wolverine,Non-Costume,118,1,11
Wolverine = Logan,Wolverine,Non-Costume,119,1,0
Wolverine = Logan,Wolverine,Non-Costume,120,1,14
Wolverine = Logan,Wolverine,Non-Costume,121,1,5
Wolverine = Logan,Wolverine,Non-Costume,122,1,6
Wolverine = Logan,Wolverine,Non-Costume,123,1,4
Wolverine = Logan,Wolverine,Non-Costume,124,1,0
Wolverine = Logan,Wolverine,Non-Costume,125,1,0
Wolverine = Logan,Wolverine,Non-Costume,126,1,0
Wolverine = Logan,Wolverine,Non-Costume,127,1,0
Wolverine = Logan,Wolverine,Non-Costume,128,1,0
Wolverine = Logan,Wolverine,Non-Costume,129,1,9
Wolverine = Logan,Wolverine,Non-Costume,130,1,3
Wolverine = Logan,Wolverine,Non-Costume,131,1,16
Wolverine = Logan,Wolverine,Non-Costume,132,1,0
Wolverine = Logan,Wolverine,Non-Costume,133,1,0
Wolverine = Logan,Wolverine,Non-Costume,134,1,1
Wolverine = Logan,Wolverine,Non-Costume,135,1,0
Wolverine = Logan,Wolverine,Non-Costume,136,1,0
Wolverine = Logan,Wolverine,Non-Costume,137,1,4
Wolverine = Logan,Wolverine,Non-Costume,138,1,1
Wolverine = Logan,Wolverine,Non-Costume,139,1,0
Wolverine = Logan,Wolverine,Non-Costume,140,1,2
Wolverine = Logan,Wolverine,Non-Costume,141,1,16
Wolverine = Logan,Wolverine,Non-Costume,142,1,16
Wolverine = Logan,Wolverine,Non-Costume,143,1,5
Wolverine = Logan,Wolverine,Non-Costume,144,1,0
Wolverine = Logan,Wolverine,Non-Costume,145,1,5
Wolverine = Logan,Wolverine,Non-Costume,146,1,0
Wolverine = Logan,Wolverine,Non-Costume,147,1,5
Wolverine = Logan,Wolverine,Non-Costume,148,1,0
Wolverine = Logan,Wolverine,Non-Costume,149,1,7
Wolverine = Logan,Wolverine,Non-Costume,150,1,0
Wolverine = Logan,Wolverine,Non-Costume,151,1,0
Wolverine = Logan,Wolverine,Non-Costume,152,1,0
Wolverine = Logan,Wolverine,Non-Costume,153,1,32
Wolverine = Logan,Wolverine,Non-Costume,154,1,0
Wolverine = Logan,Wolverine,Non-Costume,155,1,0
Wolverine = Logan,Wolverine,Non-Costume,156,1,0
Wolverine = Logan,Wolverine,Non-Costume,157,1,19
Wolverine = Logan,Wolverine,Non-Costume,158,1,18
Wolverine = Logan,Wolverine,Non-Costume,159,1,16
Wolverine = Logan,Wolverine,Non-Costume,160,1,4
Wolverine = Logan,Wolverine,Non-Costume,161,1,6
Wolverine = Logan,Wolverine,Non-Costume,162,1,85
Wolverine = Logan,Wolverine,Non-Costume,163,1,33
Wolverine = Logan,Wolverine,Non-Costume,164,1,0
Wolverine = Logan,Wolverine,Non-Costume,165,1,0
Wolverine = Logan,Wolverine,Non-Costume,166,1,0
Wolverine = Logan,Wolverine,Non-Costume,167,1,0
Wolverine = Logan,Wolverine,Non-Costume,168,1,7
Wolverine = Logan,Wolverine,Non-Costume,169,1,0
Wolverine = Logan,Wolverine,Non-Costume,170,1,0
Wolverine = Logan,Wolverine,Non-Costume,171,1,0
Wolverine = Logan,Wolverine,Non-Costume,172,1,24
Wolverine = Logan,Wolverine,Non-Costume,173,1,5
Wolverine = Logan,Wolverine,Non-Costume,174,1,0
Wolverine = Logan,Wolverine,Non-Costume,175,1,6
Wolverine = Logan,Wolverine,Non-Costume,176,1,0
Wolverine = Logan,Wolverine,Non-Costume,177,1,0
Wolverine = Logan,Wolverine,Non-Costume,178,1,0
Wolverine = Logan,Wolverine,Non-Costume,179,1,8
Wolverine = Logan,Wolverine,Non-Costume,180,1,12
Wolverine = Logan,Wolverine,Non-Costume,181,1,0
Wolverine = Logan,Wolverine,Non-Costume,182,1,0
Wolverine = Logan,Wolverine,Non-Costume,183,1,32
Wolverine = Logan,Wolverine,Non-Costume,184,1,0
Wolverine = Logan,Wolverine,Non-Costume,185,1,0
Wolverine = Logan,Wolverine,Non-Costume,186,1,0
Wolverine = Logan,Wolverine,Non-Costume,187,1,0
Wolverine = Logan,Wolverine,Non-Costume,188,1,1
Wolverine = Logan,Wolverine,Non-Costume,189,1,0
Wolverine = Logan,Wolverine,Non-Costume,190,1,0
Wolverine = Logan,Wolverine,Non-Costume,191,1,0
Wolverine = Logan,Wolverine,Non-Costume,192,1,3
Wolverine = Logan,Wolverine,Non-Costume,193,1,6
Wolverine = Logan,Wolverine,Non-Costume,194,1,17
Wolverine = Logan,Wolverine,Non-Costume,195,1,0
Wolverine = Logan,Wolverine,Non-Costume,196,1,19
Wolverine = Logan,Wolverine,Non-Costume,197,1,0
Wolverine = Logan,Wolverine,Non-Costume,198,1,0
Wolverine = Logan,Wolverine,Non-Costume,199,1,1
Wolverine = Logan,Wolverine,Non-Costume,200,1,0
Wolverine = Logan,Wolverine,Non-Costume,201,1,6
Wolverine = Logan,Wolverine,Non-Costume,202,1,2
Wolverine = Logan,Wolverine,Non-Costume,203,1,12
Wolverine = Logan,Wolverine,Non-Costume,204,1,0
Wolverine = Logan,Wolverine,Non-Costume,205,1,78
Wolverine = Logan,Wolverine,Non-Costume,206,1,0
Wolverine = Logan,Wolverine,Non-Costume,207,1,6
Wolverine = Logan,Wolverine,Non-Costume,208,1,0
Wolverine = Logan,Wolverine,Non-Costume,209,1,0
Wolverine = Logan,Wolverine,Non-Costume,210,1,7
Wolverine = Logan,Wolverine,Non-Costume,211,1,15
Wolverine = Logan,Wolverine,Non-Costume,212,1,0
Wolverine = Logan,Wolverine,Non-Costume,213,1,0
Wolverine = Logan,Wolverine,Non-Costume,214,1,33
Wolverine = Logan,Wolverine,Non-Costume,215,1,14
Wolverine = Logan,Wolverine,Non-Costume,216,1,3
Wolverine = Logan,Wolverine,Non-Costume,217,1,0
Wolverine = Logan,Wolverine,Non-Costume,218,1,0
Wolverine = Logan,Wolverine,Non-Costume,219,1,0
Wolverine = Logan,Wolverine,Non-Costume,220,1,0
Wolverine = Logan,Wolverine,Non-Costume,221,1,0
Wolverine = Logan,Wolverine,Non-Costume,222,1,0
Wolverine = Logan,Wolverine,Non-Costume,223,1,0
Wolverine = Logan,Wolverine,Non-Costume,224,1,5
Wolverine = Logan,Wolverine,Non-Costume,225,1,0
Wolverine = Logan,Wolverine,Non-Costume,226,1,0
Wolverine = Logan,Wolverine,Non-Costume,227,1,0
Wolverine = Logan,Wolverine,Non-Costume,228,1,44
Wolverine = Logan,Wolverine,Non-Costume,229,1,0
Wolverine = Logan,Wolverine,Non-Costume,230,1,7
Wolverine = Logan,Wolverine,Non-Costume,231,1,0
Wolverine = Logan,Wolverine,Non-Costume,232,1,0
Wolverine = Logan,Wolverine,Non-Costume,233,1,0
Wolverine = Logan,Wolverine,Non-Costume,234,1,0
Wolverine = Logan,Wolverine,Non-Costume,235,1,8
Wolverine = Logan,Wolverine,Non-Costume,236,1,24
Wolverine = Logan,Wolverine,Non-Costume,237,1,45
Wolverine = Logan,Wolverine,Non-Costume,238,1,30
Wolverine = Logan,Wolverine,Non-Costume,239,1,10
Wolverine = Logan,Wolverine,Non-Costume,240,1,2
Wolverine = Logan,Wolverine,Non-Costume,241,1,0
Wolverine = Logan,Wolverine,Non-Costume,242,1,0
Wolverine = Logan,Wolverine,Non-Costume,243,1,0
Wolverine = Logan,Wolverine,Non-Costume,244,1,0
Wolverine = Logan,Wolverine,Non-Costume,245,1,24
Wolverine = Logan,Wolverine,Non-Costume,246,1,12
Wolverine = Logan,Wolverine,Non-Costume,247,1,0
Wolverine = Logan,Wolverine,Non-Costume,248,1,0
Wolverine = Logan,Wolverine,Non-Costume,249,1,0
Wolverine = Logan,Wolverine,Non-Costume,250,1,0
Wolverine = Logan,Wolverine,Non-Costume,251,1,63
Wolverine = Logan,Wolverine,Non-Costume,252,1,37
Wolverine = Logan,Wolverine,Non-Costume,253,1,1
Wolverine = Logan,Wolverine,Non-Costume,254,1,0
Wolverine = Logan,Wolverine,Non-Costume,255,1,0
Wolverine = Logan,Wolverine,Non-Costume,256,1,0
Wolverine = Logan,Wolverine,Non-Costume,257,1,22
Wolverine = Logan,Wolverine,Non-Costume,258,1,51
Wolverine = Logan,Wolverine,Non-Costume,259,1,0
Wolverine = Logan,Wolverine,Non-Costume,260,1,0
Wolverine = Logan,Wolverine,Non-Costume,261,1,10
Wolverine = Logan,Wolverine,Non-Costume,262,1,0
Wolverine = Logan,Wolverine,Non-Costume,263,1,0
Wolverine = Logan,Wolverine,Non-Costume,264,1,0
Wolverine = Logan,Wolverine,Non-Costume,265,1,0
Wolverine = Logan,Wolverine,Non-Costume,266,1,0
Wolverine = Logan,Wolverine,Non-Costume,267,1,0
Wolverine = Logan,Wolverine,Non-Costume,268,1,37
Wolverine = Logan,Wolverine,Non-Costume,269,1,0
Wolverine = Logan,Wolverine,Non-Costume,270,1,0
Wolverine = Logan,Wolverine,Non-Costume,271,1,11
Wolverine = Logan,Wolverine,Non-Costume,272,1,0
Wolverine = Logan,Wolverine,Non-Costume,273,1,0
Wolverine = Logan,Wolverine,Non-Costume,274,1,0
Wolverine = Logan,Wolverine,Non-Costume,275,1,2
Wolverine = Logan,Wolverine,Non-Costume,276,1,14
Wolverine = Logan,Wolverine,Non-Costume,277,1,0
Wolverine = Logan,Wolverine,Non-Costume,278,1,0
Wolverine = Logan,Wolverine,Non-Costume,279,1,0
Wolverine = Logan,Wolverine,Non-Costume,280,1,0
